match_id,stage,start_time,team1,team2,match_format,game_id,game_number,map_name,score1,score2,roster1,roster2,full_roster1,full_roster2
21211,Stage 1,2019-02-14 16:00:00,PHI,LDN,regular,20822,1,ilios,2,1,Boombox|Poko|Sado|carpe|eqo|neptuNo,BIRDRING|Bdosin|Fury|Gesture|NUS|Profit,Boombox|Elk|Poko|Sado|carpe|eqo|fragi|neptuNo|snillo,BIRDRING|Bdosin|Fury|Gesture|Guard|Krillin|NUS|Profit
21211,Stage 1,2019-02-14 16:00:00,PHI,LDN,regular,20881,2,hollywood,3,2,Boombox|Poko|Sado|carpe|eqo|neptuNo,BIRDRING|Bdosin|Fury|Gesture|NUS|Profit,Boombox|Elk|Poko|Sado|carpe|eqo|fragi|neptuNo|snillo,BIRDRING|Bdosin|Fury|Gesture|Guard|Krillin|NUS|Profit
21211,Stage 1,2019-02-14 16:00:00,PHI,LDN,regular,20882,3,volskaya,4,5,Boombox|Poko|Sado|carpe|eqo|neptuNo,BIRDRING|Bdosin|Fury|Gesture|NUS|Profit,Boombox|Elk|Poko|Sado|carpe|eqo|fragi|neptuNo|snillo,BIRDRING|Bdosin|Fury|Gesture|Guard|Krillin|NUS|Profit
21211,Stage 1,2019-02-14 16:00:00,PHI,LDN,regular,20883,4,,1,0,Boombox|Poko|Sado|carpe|eqo|neptuNo,BIRDRING|Bdosin|Fury|Gesture|NUS|Profit,Boombox|Elk|Poko|Sado|carpe|eqo|fragi|neptuNo|snillo,BIRDRING|Bdosin|Fury|Gesture|Guard|Krillin|NUS|Profit
21221,Stage 1,2019-02-14 17:40:00,NYE,BOS,regular,20809,1,nepal,2,0,Anamo|JJONAK|Libero|Mano|MekO|Nenne,AimGod|Axxiom|Fusions|NotE|alemao|blase,Anamo|ArK|Fl0w3R|JJONAK|Libero|Mano|MekO|Nenne|Pine|Saebyeolbe,AimGod|Axxiom|ColourHex|Fusions|Kellex|NotE|alemao|blase
21221,Stage 1,2019-02-14 17:40:00,NYE,BOS,regular,20810,2,numbani,3,4,Anamo|JJONAK|Libero|Mano|MekO|Nenne,AimGod|Axxiom|Fusions|NotE|alemao|blase,Anamo|ArK|Fl0w3R|JJONAK|Libero|Mano|MekO|Nenne|Pine|Saebyeolbe,AimGod|Axxiom|ColourHex|Fusions|Kellex|NotE|alemao|blase
21221,Stage 1,2019-02-14 17:40:00,NYE,BOS,regular,20891,3,horizon-lunar-colony,4,4,Anamo|JJONAK|Libero|Mano|MekO|Nenne,AimGod|Axxiom|Fusions|Kellex|NotE|blase,Anamo|ArK|Fl0w3R|JJONAK|Libero|Mano|MekO|Nenne|Pine|Saebyeolbe,AimGod|Axxiom|ColourHex|Fusions|Kellex|NotE|alemao|blase
21221,Stage 1,2019-02-14 17:40:00,NYE,BOS,regular,20892,4,route-66,3,2,Anamo|JJONAK|Libero|Mano|MekO|Nenne,AimGod|Axxiom|Fusions|Kellex|NotE|blase,Anamo|ArK|Fl0w3R|JJONAK|Libero|Mano|MekO|Nenne|Pine|Saebyeolbe,AimGod|Axxiom|ColourHex|Fusions|Kellex|NotE|alemao|blase
21231,Stage 1,2019-02-14 19:30:00,SEO,GLA,regular,20893,1,ilios,0,2,Fissure|Fleta|Jecse|Michelle|Munchkin|ryujehong,BigG00se|Hydration|Shaz|Surefour|Void|rOar,FITS|Fissure|Fleta|Jecse|Marve1|Michelle|Munchkin|ZUNBA|ryujehong|tobi,BigG00se|Bischu|Decay|Hydration|Panker|Ripa|Shaz|Surefour|Void|rOar
21231,Stage 1,2019-02-14 19:30:00,SEO,GLA,regular,20894,2,kings-row,3,1,Fissure|Fleta|Jecse|Michelle|Munchkin|ryujehong,BigG00se|Hydration|Shaz|Surefour|Void|rOar,FITS|Fissure|Fleta|Jecse|Marve1|Michelle|Munchkin|ZUNBA|ryujehong|tobi,BigG00se|Bischu|Decay|Hydration|Panker|Ripa|Shaz|Surefour|Void|rOar
21231,Stage 1,2019-02-14 19:30:00,SEO,GLA,regular,20895,3,horizon-lunar-colony,1,0,Fissure|Fleta|Jecse|Michelle|Munchkin|ryujehong,BigG00se|Hydration|Shaz|Surefour|Void|rOar,FITS|Fissure|Fleta|Jecse|Marve1|Michelle|Munchkin|ZUNBA|ryujehong|tobi,BigG00se|Bischu|Decay|Hydration|Panker|Ripa|Shaz|Surefour|Void|rOar
21231,Stage 1,2019-02-14 19:30:00,SEO,GLA,regular,20896,4,route-66,5,4,Fissure|Fleta|Jecse|Michelle|Munchkin|ryujehong,BigG00se|Hydration|Shaz|Surefour|Void|rOar,FITS|Fissure|Fleta|Jecse|Marve1|Michelle|Munchkin|ZUNBA|ryujehong|tobi,BigG00se|Bischu|Decay|Hydration|Panker|Ripa|Shaz|Surefour|Void|rOar
21176,Stage 1,2019-02-14 21:08:00,SHD,HZS,regular,20793,1,busan,1,2,CoMa|DDing|Geguri|Luffy|YOUNGJIN|diem,BEBE|Bazzi|GodsB|NoSmite|Ria|iDK,CoMa|DDing|Diya|FEARLESS|Gamsu|Geguri|GuardiaN|Luffy|YOUNGJIN|diem,Adora|BEBE|Bazzi|GodsB|Guxue|Krystal|NoSmite|Revenge|Ria|iDK
21176,Stage 1,2019-02-14 21:08:00,SHD,HZS,regular,20794,2,hollywood,1,2,CoMa|DDing|Geguri|Luffy|YOUNGJIN|diem,BEBE|Bazzi|GodsB|NoSmite|Ria|iDK,CoMa|DDing|Diya|FEARLESS|Gamsu|Geguri|GuardiaN|Luffy|YOUNGJIN|diem,Adora|BEBE|Bazzi|GodsB|Guxue|Krystal|NoSmite|Revenge|Ria|iDK
21176,Stage 1,2019-02-14 21:08:00,SHD,HZS,regular,20795,3,horizon-lunar-colony,3,2,CoMa|DDing|Geguri|Luffy|YOUNGJIN|diem,Bazzi|GodsB|NoSmite|Revenge|Ria|iDK,CoMa|DDing|Diya|FEARLESS|Gamsu|Geguri|GuardiaN|Luffy|YOUNGJIN|diem,Adora|BEBE|Bazzi|GodsB|Guxue|Krystal|NoSmite|Revenge|Ria|iDK
21176,Stage 1,2019-02-14 21:08:00,SHD,HZS,regular,20796,4,,1,2,CoMa|DDing|Geguri|Luffy|YOUNGJIN|diem,BEBE|Bazzi|GodsB|Guxue|Ria|iDK,CoMa|DDing|Diya|FEARLESS|Gamsu|Geguri|GuardiaN|Luffy|YOUNGJIN|diem,Adora|BEBE|Bazzi|GodsB|Guxue|Krystal|NoSmite|Revenge|Ria|iDK
21177,Stage 1,2019-02-15 16:00:00,TOR,HOU,regular,20844,1,nepal,1,2,Aid|Envy|RoKy|Stellar|Yakpung|ivy,Boink|Danteh|Jake|Muma|Rawkus|SPREE,Aid|Asher|Envy|Neko|RoKy|Stellar|Yakpung|ivy,ArHaN|Bani|Boink|Danteh|Jake|LiNkzr|Muma|Rawkus|SPREE|coolmatt
21177,Stage 1,2019-02-15 16:00:00,TOR,HOU,regular,20845,2,numbani,4,5,Aid|Envy|RoKy|Stellar|Yakpung|ivy,Boink|Danteh|LiNkzr|Muma|Rawkus|coolmatt,Aid|Asher|Envy|Neko|RoKy|Stellar|Yakpung|ivy,ArHaN|Bani|Boink|Danteh|Jake|LiNkzr|Muma|Rawkus|SPREE|coolmatt
21177,Stage 1,2019-02-15 16:00:00,TOR,HOU,regular,20846,3,volskaya,1,0,Aid|Envy|RoKy|Stellar|Yakpung|ivy,Boink|Danteh|LiNkzr|Muma|Rawkus|coolmatt,Aid|Asher|Envy|Neko|RoKy|Stellar|Yakpung|ivy,ArHaN|Bani|Boink|Danteh|Jake|LiNkzr|Muma|Rawkus|SPREE|coolmatt
21177,Stage 1,2019-02-15 16:00:00,TOR,HOU,regular,20847,4,route-66,2,1,Aid|Envy|RoKy|Stellar|Yakpung|ivy,Boink|Danteh|LiNkzr|Muma|Rawkus|coolmatt,Aid|Asher|Envy|Neko|RoKy|Stellar|Yakpung|ivy,ArHaN|Bani|Boink|Danteh|Jake|LiNkzr|Muma|Rawkus|SPREE|coolmatt
21177,Stage 1,2019-02-15 16:00:00,TOR,HOU,regular,21923,5,,2,1,Aid|Envy|RoKy|Stellar|Yakpung|ivy,Boink|Danteh|Jake|LiNkzr|Muma|Rawkus,Aid|Asher|Envy|Neko|RoKy|Stellar|Yakpung|ivy,ArHaN|Bani|Boink|Danteh|Jake|LiNkzr|Muma|Rawkus|SPREE|coolmatt
21241,Stage 1,2019-02-15 18:10:00,ATL,FLA,regular,20797,1,ilios,2,0,Daco|Dogman|Erster|Masaa|Pokpo|dafran,HaGoPeun|Kris|SWoN|TviQ|bqb|xepheR,Daco|Dogman|Erster|Gator|Kodak|Masaa|NLaaeR|Pokpo|dafran,Apply|HaGoPeun|Kris|SNT|SWoN|TviQ|bqb|sayaplayer|xepheR
21241,Stage 1,2019-02-15 18:10:00,ATL,FLA,regular,20798,2,hollywood,2,1,Daco|Erster|Gator|Kodak|Masaa|dafran,HaGoPeun|Kris|SWoN|TviQ|bqb|xepheR,Daco|Dogman|Erster|Gator|Kodak|Masaa|NLaaeR|Pokpo|dafran,Apply|HaGoPeun|Kris|SNT|SWoN|TviQ|bqb|sayaplayer|xepheR
21241,Stage 1,2019-02-15 18:10:00,ATL,FLA,regular,20799,3,volskaya,5,4,Dogman|Erster|Masaa|NLaaeR|Pokpo|dafran,HaGoPeun|Kris|SWoN|TviQ|bqb|xepheR,Daco|Dogman|Erster|Gator|Kodak|Masaa|NLaaeR|Pokpo|dafran,Apply|HaGoPeun|Kris|SNT|SWoN|TviQ|bqb|sayaplayer|xepheR
21241,Stage 1,2019-02-15 18:10:00,ATL,FLA,regular,20800,4,route-66,2,1,Daco|Dogman|Erster|Masaa|Pokpo|dafran,HaGoPeun|Kris|SWoN|TviQ|bqb|xepheR,Daco|Dogman|Erster|Gator|Kodak|Masaa|NLaaeR|Pokpo|dafran,Apply|HaGoPeun|Kris|SNT|SWoN|TviQ|bqb|sayaplayer|xepheR
21126,Stage 1,2019-02-15 19:55:00,DAL,SFS,regular,20848,1,nepal,0,2,Closer|EFFECT|OGE|ZachaREEE|rCk|uNKOE,Architect|Choihyobin|Rascal|Smurf|moth|sleepy,Closer|EFFECT|HarryHook|Mickie|OGE|Taimou|ZachaREEE|aKm|rCk|uNKOE,Architect|Choihyobin|Nevix|Rascal|STRIKER|Smurf|Viol2t|babybay|moth|sinatraa|sleepy|super
21126,Stage 1,2019-02-15 19:55:00,DAL,SFS,regular,20849,2,kings-row,1,3,Closer|EFFECT|OGE|ZachaREEE|aKm|uNKOE,Architect|Choihyobin|moth|sinatraa|sleepy|super,Closer|EFFECT|HarryHook|Mickie|OGE|Taimou|ZachaREEE|aKm|rCk|uNKOE,Architect|Choihyobin|Nevix|Rascal|STRIKER|Smurf|Viol2t|babybay|moth|sinatraa|sleepy|super
21126,Stage 1,2019-02-15 19:55:00,DAL,SFS,regular,20850,3,horizon-lunar-colony,2,3,Closer|EFFECT|OGE|ZachaREEE|rCk|uNKOE,Architect|Nevix|moth|sinatraa|sleepy|super,Closer|EFFECT|HarryHook|Mickie|OGE|Taimou|ZachaREEE|aKm|rCk|uNKOE,Architect|Choihyobin|Nevix|Rascal|STRIKER|Smurf|Viol2t|babybay|moth|sinatraa|sleepy|super
21126,Stage 1,2019-02-15 19:55:00,DAL,SFS,regular,20911,4,,1,3,Closer|OGE|ZachaREEE|aKm|rCk|uNKOE,Architect|Choihyobin|moth|sinatraa|sleepy|super,Closer|EFFECT|HarryHook|Mickie|OGE|Taimou|ZachaREEE|aKm|rCk|uNKOE,Architect|Choihyobin|Nevix|Rascal|STRIKER|Smurf|Viol2t|babybay|moth|sinatraa|sleepy|super
21212,Stage 1,2019-02-15 21:30:00,CDH,GZC,regular,20819,1,,0,2,Elsa|JinMu|Kyo|Yveltal|ameng|lateyoung,Chara|Eileen|HOTBA|Happy|Rio|shu,Baconjack|Elsa|GARRY|JIQIREN|JinMu|Kyo|YangXiaoLong|Yveltal|ameng|lateyoung,Chara|Eileen|HOTBA|Happy|Kyb|Onlywish|Rio|Rise|nero|shu
21212,Stage 1,2019-02-15 21:30:00,CDH,GZC,regular,20820,2,numbani,3,2,Elsa|JinMu|Kyo|Yveltal|ameng|lateyoung,Chara|Eileen|HOTBA|Happy|Rio|shu,Baconjack|Elsa|GARRY|JIQIREN|JinMu|Kyo|YangXiaoLong|Yveltal|ameng|lateyoung,Chara|Eileen|HOTBA|Happy|Kyb|Onlywish|Rio|Rise|nero|shu
21212,Stage 1,2019-02-15 21:30:00,CDH,GZC,regular,20921,3,volskaya,2,3,Baconjack|Elsa|JinMu|Kyo|Yveltal|ameng,Chara|Eileen|HOTBA|Happy|Rio|shu,Baconjack|Elsa|GARRY|JIQIREN|JinMu|Kyo|YangXiaoLong|Yveltal|ameng|lateyoung,Chara|Eileen|HOTBA|Happy|Kyb|Onlywish|Rio|Rise|nero|shu
21212,Stage 1,2019-02-15 21:30:00,CDH,GZC,regular,20922,4,dorado,2,1,Baconjack|Elsa|JinMu|Kyo|Yveltal|ameng,Chara|Eileen|HOTBA|Happy|Rio|shu,Baconjack|Elsa|GARRY|JIQIREN|JinMu|Kyo|YangXiaoLong|Yveltal|ameng|lateyoung,Chara|Eileen|HOTBA|Happy|Kyb|Onlywish|Rio|Rise|nero|shu
21212,Stage 1,2019-02-15 21:30:00,CDH,GZC,regular,21848,5,nepal,2,1,Elsa|JinMu|Kyo|Yveltal|ameng|lateyoung,Chara|Eileen|HOTBA|Happy|Rio|shu,Baconjack|Elsa|GARRY|JIQIREN|JinMu|Kyo|YangXiaoLong|Yveltal|ameng|lateyoung,Chara|Eileen|HOTBA|Happy|Kyb|Onlywish|Rio|Rise|nero|shu
21209,Stage 1,2019-02-16 12:00:00,LDN,PAR,regular,20924,1,ilios,0,2,BIRDRING|Bdosin|Fury|Gesture|NUS|Profit,BenBest|Finnsi|HyP|Kruise|NiCOgdh|SoOn,BIRDRING|Bdosin|Fury|Gesture|Guard|Krillin|NUS|Profit,BenBest|Finnsi|Greyy|HyP|Kruise|LhCloudy|NiCOgdh|ShaDowBurn|SoOn|danye
21209,Stage 1,2019-02-16 12:00:00,LDN,PAR,regular,20925,2,kings-row,2,1,Bdosin|Fury|Gesture|Guard|NUS|Profit,BenBest|Finnsi|HyP|Kruise|NiCOgdh|SoOn,BIRDRING|Bdosin|Fury|Gesture|Guard|Krillin|NUS|Profit,BenBest|Finnsi|Greyy|HyP|Kruise|LhCloudy|NiCOgdh|ShaDowBurn|SoOn|danye
21209,Stage 1,2019-02-16 12:00:00,LDN,PAR,regular,20823,3,volskaya,2,3,BIRDRING|Bdosin|Fury|Gesture|NUS|Profit,BenBest|Finnsi|HyP|Kruise|NiCOgdh|SoOn,BIRDRING|Bdosin|Fury|Gesture|Guard|Krillin|NUS|Profit,BenBest|Finnsi|Greyy|HyP|Kruise|LhCloudy|NiCOgdh|ShaDowBurn|SoOn|danye
21209,Stage 1,2019-02-16 12:00:00,LDN,PAR,regular,20824,4,route-66,0,3,Bdosin|Fury|Gesture|Guard|NUS|Profit,BenBest|Finnsi|HyP|Kruise|NiCOgdh|SoOn,BIRDRING|Bdosin|Fury|Gesture|Guard|Krillin|NUS|Profit,BenBest|Finnsi|Greyy|HyP|Kruise|LhCloudy|NiCOgdh|ShaDowBurn|SoOn|danye
21127,Stage 1,2019-02-16 13:25:00,WAS,NYE,regular,20825,1,ilios,0,2,Ado|Corey|Fahzix|Gido|Janus|Sansam,Anamo|JJONAK|Libero|Mano|MekO|Nenne,Ado|Corey|Fahzix|Gido|Hyeonu|Janus|Sansam|Stratus,Anamo|ArK|Fl0w3R|JJONAK|Libero|Mano|MekO|Nenne|Pine|Saebyeolbe
21127,Stage 1,2019-02-16 13:25:00,WAS,NYE,regular,20826,2,kings-row,0,1,Ado|Corey|Fahzix|Gido|Janus|Sansam,Anamo|JJONAK|Libero|Mano|MekO|Nenne,Ado|Corey|Fahzix|Gido|Hyeonu|Janus|Sansam|Stratus,Anamo|ArK|Fl0w3R|JJONAK|Libero|Mano|MekO|Nenne|Pine|Saebyeolbe
21127,Stage 1,2019-02-16 13:25:00,WAS,NYE,regular,20827,3,horizon-lunar-colony,1,0,Ado|Corey|Gido|Hyeonu|Janus|Sansam,Anamo|JJONAK|Libero|Mano|MekO|Nenne,Ado|Corey|Fahzix|Gido|Hyeonu|Janus|Sansam|Stratus,Anamo|ArK|Fl0w3R|JJONAK|Libero|Mano|MekO|Nenne|Pine|Saebyeolbe
21127,Stage 1,2019-02-16 13:25:00,WAS,NYE,regular,20828,4,,1,2,Ado|Corey|Gido|Hyeonu|Janus|Sansam,Anamo|JJONAK|Libero|Mano|MekO|Nenne,Ado|Corey|Fahzix|Gido|Hyeonu|Janus|Sansam|Stratus,Anamo|ArK|Fl0w3R|JJONAK|Libero|Mano|MekO|Nenne|Pine|Saebyeolbe
21251,Stage 1,2019-02-16 14:30:00,VAL,HZS,regular,20884,1,,1,2,Agilities|Fate|IZaYaKI|KariV|KuKi|SPACE,BEBE|Bazzi|GodsB|Guxue|Ria|iDK,Agilities|Bunny|Custa|Fate|IZaYaKI|KSF|KariV|KuKi|SPACE,Adora|BEBE|Bazzi|GodsB|Guxue|Krystal|NoSmite|Revenge|Ria|iDK
21251,Stage 1,2019-02-16 14:30:00,VAL,HZS,regular,20857,2,numbani,3,1,Agilities|Fate|IZaYaKI|KariV|KuKi|SPACE,BEBE|Bazzi|GodsB|Guxue|Ria|iDK,Agilities|Bunny|Custa|Fate|IZaYaKI|KSF|KariV|KuKi|SPACE,Adora|BEBE|Bazzi|GodsB|Guxue|Krystal|NoSmite|Revenge|Ria|iDK
21251,Stage 1,2019-02-16 14:30:00,VAL,HZS,regular,20858,3,temple-of-anubis,4,3,Agilities|Fate|IZaYaKI|KSF|KuKi|SPACE,Bazzi|GodsB|NoSmite|Revenge|Ria|iDK,Agilities|Bunny|Custa|Fate|IZaYaKI|KSF|KariV|KuKi|SPACE,Adora|BEBE|Bazzi|GodsB|Guxue|Krystal|NoSmite|Revenge|Ria|iDK
21251,Stage 1,2019-02-16 14:30:00,VAL,HZS,regular,20859,4,dorado,2,3,Agilities|Fate|IZaYaKI|KariV|KuKi|SPACE,BEBE|Bazzi|GodsB|NoSmite|Ria|iDK,Agilities|Bunny|Custa|Fate|IZaYaKI|KSF|KariV|KuKi|SPACE,Adora|BEBE|Bazzi|GodsB|Guxue|Krystal|NoSmite|Revenge|Ria|iDK
21251,Stage 1,2019-02-16 14:30:00,VAL,HZS,regular,21868,5,nepal,1,2,Agilities|Fate|IZaYaKI|KariV|KuKi|SPACE,BEBE|Bazzi|GodsB|NoSmite|Ria|iDK,Agilities|Bunny|Custa|Fate|IZaYaKI|KSF|KariV|KuKi|SPACE,Adora|BEBE|Bazzi|GodsB|Guxue|Krystal|NoSmite|Revenge|Ria|iDK
21222,Stage 1,2019-02-16 16:50:00,VAN,SHD,regular,20829,1,,2,1,BUMPER|Haksal|JJANU|SLIME|SeoMinSoo|Twilight,CoMa|DDing|Gamsu|Luffy|YOUNGJIN|diem,BUMPER|Haksal|Hooreg|JJANU|RAPEL|SLIME|SeoMinSoo|Stitch|Twilight,CoMa|DDing|Diya|FEARLESS|Gamsu|Geguri|GuardiaN|Luffy|YOUNGJIN|diem
21222,Stage 1,2019-02-16 16:50:00,VAN,SHD,regular,20830,2,hollywood,1,0,BUMPER|Haksal|JJANU|SLIME|SeoMinSoo|Twilight,CoMa|Gamsu|Geguri|Luffy|YOUNGJIN|diem,BUMPER|Haksal|Hooreg|JJANU|RAPEL|SLIME|SeoMinSoo|Stitch|Twilight,CoMa|DDing|Diya|FEARLESS|Gamsu|Geguri|GuardiaN|Luffy|YOUNGJIN|diem
21222,Stage 1,2019-02-16 16:50:00,VAN,SHD,regular,20981,3,temple-of-anubis,3,2,BUMPER|Haksal|JJANU|SLIME|SeoMinSoo|Twilight,CoMa|Gamsu|Geguri|Luffy|YOUNGJIN|diem,BUMPER|Haksal|Hooreg|JJANU|RAPEL|SLIME|SeoMinSoo|Stitch|Twilight,CoMa|DDing|Diya|FEARLESS|Gamsu|Geguri|GuardiaN|Luffy|YOUNGJIN|diem
21222,Stage 1,2019-02-16 16:50:00,VAN,SHD,regular,20982,4,dorado,2,1,BUMPER|Haksal|JJANU|SLIME|Stitch|Twilight,CoMa|DDing|Gamsu|Geguri|Luffy|diem,BUMPER|Haksal|Hooreg|JJANU|RAPEL|SLIME|SeoMinSoo|Stitch|Twilight,CoMa|DDing|Diya|FEARLESS|Gamsu|Geguri|GuardiaN|Luffy|YOUNGJIN|diem
21213,Stage 1,2019-02-17 12:00:00,HOU,BOS,regular,20910,1,nepal,2,0,Boink|Danteh|Jake|Muma|Rawkus|SPREE,AimGod|Axxiom|Fusions|Kellex|NotE|blase,ArHaN|Bani|Boink|Danteh|Jake|LiNkzr|Muma|Rawkus|SPREE|coolmatt,AimGod|Axxiom|ColourHex|Fusions|Kellex|NotE|alemao|blase
21213,Stage 1,2019-02-17 12:00:00,HOU,BOS,regular,20991,2,hollywood,2,3,Boink|Danteh|LiNkzr|Muma|Rawkus|coolmatt,AimGod|Axxiom|Fusions|Kellex|NotE|blase,ArHaN|Bani|Boink|Danteh|Jake|LiNkzr|Muma|Rawkus|SPREE|coolmatt,AimGod|Axxiom|ColourHex|Fusions|Kellex|NotE|alemao|blase
21213,Stage 1,2019-02-17 12:00:00,HOU,BOS,regular,20992,3,volskaya,3,4,Boink|Danteh|LiNkzr|Muma|Rawkus|coolmatt,AimGod|Axxiom|Fusions|Kellex|NotE|blase,ArHaN|Bani|Boink|Danteh|Jake|LiNkzr|Muma|Rawkus|SPREE|coolmatt,AimGod|Axxiom|ColourHex|Fusions|Kellex|NotE|alemao|blase
21213,Stage 1,2019-02-17 12:00:00,HOU,BOS,regular,20993,4,dorado,4,3,Boink|Danteh|LiNkzr|Muma|Rawkus|coolmatt,AimGod|Axxiom|Fusions|Kellex|NotE|blase,ArHaN|Bani|Boink|Danteh|Jake|LiNkzr|Muma|Rawkus|SPREE|coolmatt,AimGod|Axxiom|ColourHex|Fusions|Kellex|NotE|alemao|blase
21213,Stage 1,2019-02-17 12:00:00,HOU,BOS,regular,21971,5,ilios,1,2,Boink|Danteh|LiNkzr|Muma|Rawkus|coolmatt,AimGod|Axxiom|Fusions|Kellex|NotE|blase,ArHaN|Bani|Boink|Danteh|Jake|LiNkzr|Muma|Rawkus|SPREE|coolmatt,AimGod|Axxiom|ColourHex|Fusions|Kellex|NotE|alemao|blase
21261,Stage 1,2019-02-17 14:00:00,PHI,ATL,regular,21011,1,nepal,1,2,Boombox|Poko|Sado|carpe|eqo|neptuNo,Erster|Kodak|Masaa|NLaaeR|Pokpo|dafran,Boombox|Elk|Poko|Sado|carpe|eqo|fragi|neptuNo|snillo,Daco|Dogman|Erster|Gator|Kodak|Masaa|NLaaeR|Pokpo|dafran
21261,Stage 1,2019-02-17 14:00:00,PHI,ATL,regular,21012,2,kings-row,2,1,Boombox|Poko|Sado|carpe|eqo|neptuNo,Daco|Erster|Kodak|Masaa|Pokpo|dafran,Boombox|Elk|Poko|Sado|carpe|eqo|fragi|neptuNo|snillo,Daco|Dogman|Erster|Gator|Kodak|Masaa|NLaaeR|Pokpo|dafran
21261,Stage 1,2019-02-17 14:00:00,PHI,ATL,regular,21013,3,volskaya,4,5,Boombox|Poko|Sado|carpe|eqo|neptuNo,Daco|Dogman|Erster|Masaa|Pokpo|dafran,Boombox|Elk|Poko|Sado|carpe|eqo|fragi|neptuNo|snillo,Daco|Dogman|Erster|Gator|Kodak|Masaa|NLaaeR|Pokpo|dafran
21261,Stage 1,2019-02-17 14:00:00,PHI,ATL,regular,21014,4,dorado,2,1,Boombox|Poko|Sado|carpe|eqo|neptuNo,Daco|Dogman|Masaa|NLaaeR|Pokpo|dafran,Boombox|Elk|Poko|Sado|carpe|eqo|fragi|neptuNo|snillo,Daco|Dogman|Erster|Gator|Kodak|Masaa|NLaaeR|Pokpo|dafran
21261,Stage 1,2019-02-17 14:00:00,PHI,ATL,regular,21832,5,ilios,2,1,Boombox|Poko|Sado|carpe|eqo|neptuNo,Daco|Dogman|Erster|Masaa|Pokpo|dafran,Boombox|Elk|Poko|Sado|carpe|eqo|fragi|neptuNo|snillo,Daco|Dogman|Erster|Gator|Kodak|Masaa|NLaaeR|Pokpo|dafran
21128,Stage 1,2019-02-17 16:00:00,SFS,GLA,regular,20962,1,ilios,2,1,Architect|Choihyobin|Smurf|moth|sinatraa|sleepy,BigG00se|Hydration|Shaz|Surefour|Void|rOar,Architect|Choihyobin|Nevix|Rascal|STRIKER|Smurf|Viol2t|babybay|moth|sinatraa|sleepy|super,BigG00se|Bischu|Decay|Hydration|Panker|Ripa|Shaz|Surefour|Void|rOar
21128,Stage 1,2019-02-17 16:00:00,SFS,GLA,regular,20963,2,hollywood,1,3,Architect|Choihyobin|moth|sinatraa|sleepy|super,BigG00se|Hydration|Shaz|Surefour|Void|rOar,Architect|Choihyobin|Nevix|Rascal|STRIKER|Smurf|Viol2t|babybay|moth|sinatraa|sleepy|super,BigG00se|Bischu|Decay|Hydration|Panker|Ripa|Shaz|Surefour|Void|rOar
21128,Stage 1,2019-02-17 16:00:00,SFS,GLA,regular,20964,3,horizon-lunar-colony,2,3,Architect|Nevix|moth|sinatraa|sleepy|super,BigG00se|Hydration|Shaz|Surefour|Void|rOar,Architect|Choihyobin|Nevix|Rascal|STRIKER|Smurf|Viol2t|babybay|moth|sinatraa|sleepy|super,BigG00se|Bischu|Decay|Hydration|Panker|Ripa|Shaz|Surefour|Void|rOar
21128,Stage 1,2019-02-17 16:00:00,SFS,GLA,regular,20965,4,,4,3,Architect|Choihyobin|moth|sinatraa|sleepy|super,BigG00se|Hydration|Shaz|Surefour|Void|rOar,Architect|Choihyobin|Nevix|Rascal|STRIKER|Smurf|Viol2t|babybay|moth|sinatraa|sleepy|super,BigG00se|Bischu|Decay|Hydration|Panker|Ripa|Shaz|Surefour|Void|rOar
21128,Stage 1,2019-02-17 16:00:00,SFS,GLA,regular,21972,5,,1,2,Choihyobin|Rascal|STRIKER|Smurf|moth|sleepy,BigG00se|Hydration|Shaz|Surefour|Void|rOar,Architect|Choihyobin|Nevix|Rascal|STRIKER|Smurf|Viol2t|babybay|moth|sinatraa|sleepy|super,BigG00se|Bischu|Decay|Hydration|Panker|Ripa|Shaz|Surefour|Void|rOar
21271,Stage 1,2019-02-17 18:20:00,SEO,DAL,regular,20994,1,,1,2,Fissure|Fleta|Jecse|Michelle|Munchkin|ryujehong,Closer|EFFECT|OGE|ZachaREEE|aKm|uNKOE,FITS|Fissure|Fleta|Jecse|Marve1|Michelle|Munchkin|ZUNBA|ryujehong|tobi,Closer|EFFECT|HarryHook|Mickie|OGE|Taimou|ZachaREEE|aKm|rCk|uNKOE
21271,Stage 1,2019-02-17 18:20:00,SEO,DAL,regular,20995,2,kings-row,3,4,Fissure|Fleta|Jecse|Michelle|Munchkin|ryujehong,Closer|OGE|ZachaREEE|aKm|rCk|uNKOE,FITS|Fissure|Fleta|Jecse|Marve1|Michelle|Munchkin|ZUNBA|ryujehong|tobi,Closer|EFFECT|HarryHook|Mickie|OGE|Taimou|ZachaREEE|aKm|rCk|uNKOE
21271,Stage 1,2019-02-17 18:20:00,SEO,DAL,regular,20996,3,volskaya,4,3,Fissure|Fleta|Jecse|Michelle|Munchkin|ryujehong,Closer|EFFECT|OGE|ZachaREEE|rCk|uNKOE,FITS|Fissure|Fleta|Jecse|Marve1|Michelle|Munchkin|ZUNBA|ryujehong|tobi,Closer|EFFECT|HarryHook|Mickie|OGE|Taimou|ZachaREEE|aKm|rCk|uNKOE
21271,Stage 1,2019-02-17 18:20:00,SEO,DAL,regular,20997,4,,0,1,Fissure|Fleta|Jecse|Michelle|Munchkin|ryujehong,Closer|OGE|ZachaREEE|aKm|rCk|uNKOE,FITS|Fissure|Fleta|Jecse|Marve1|Michelle|Munchkin|ZUNBA|ryujehong|tobi,Closer|EFFECT|HarryHook|Mickie|OGE|Taimou|ZachaREEE|aKm|rCk|uNKOE
21210,Stage 1,2019-02-21 16:00:00,WAS,LDN,regular,20983,1,,2,1,Ado|Corey|Fahzix|Gido|Janus|Sansam,BIRDRING|Bdosin|Fury|Gesture|NUS|Profit,Ado|Corey|Fahzix|Gido|Hyeonu|Janus|Sansam|Stratus,BIRDRING|Bdosin|Fury|Gesture|Guard|Krillin|NUS|Profit
21210,Stage 1,2019-02-21 16:00:00,WAS,LDN,regular,20984,2,numbani,3,2,Ado|Corey|Fahzix|Gido|Janus|Sansam,Bdosin|Fury|Gesture|Guard|NUS|Profit,Ado|Corey|Fahzix|Gido|Hyeonu|Janus|Sansam|Stratus,BIRDRING|Bdosin|Fury|Gesture|Guard|Krillin|NUS|Profit
21210,Stage 1,2019-02-21 16:00:00,WAS,LDN,regular,20985,3,horizon-lunar-colony,2,4,Ado|Corey|Fahzix|Gido|Janus|Sansam,Bdosin|Fury|Gesture|Guard|NUS|Profit,Ado|Corey|Fahzix|Gido|Hyeonu|Janus|Sansam|Stratus,BIRDRING|Bdosin|Fury|Gesture|Guard|Krillin|NUS|Profit
21210,Stage 1,2019-02-21 16:00:00,WAS,LDN,regular,20986,4,,2,3,Ado|Corey|Fahzix|Gido|Janus|Sansam,Bdosin|Fury|Gesture|Guard|NUS|Profit,Ado|Corey|Fahzix|Gido|Hyeonu|Janus|Sansam|Stratus,BIRDRING|Bdosin|Fury|Gesture|Guard|Krillin|NUS|Profit
21210,Stage 1,2019-02-21 16:00:00,WAS,LDN,regular,22042,5,nepal,0,2,Ado|Corey|Gido|Hyeonu|Janus|Sansam,Bdosin|Fury|Gesture|Guard|NUS|Profit,Ado|Corey|Fahzix|Gido|Hyeonu|Janus|Sansam|Stratus,BIRDRING|Bdosin|Fury|Gesture|Guard|Krillin|NUS|Profit
21232,Stage 1,2019-02-21 18:05:00,PHI,FLA,regular,20978,1,nepal,0,2,Elk|Poko|Sado|carpe|eqo|neptuNo,HaGoPeun|Kris|SWoN|TviQ|bqb|xepheR,Boombox|Elk|Poko|Sado|carpe|eqo|fragi|neptuNo|snillo,Apply|HaGoPeun|Kris|SNT|SWoN|TviQ|bqb|sayaplayer|xepheR
21232,Stage 1,2019-02-21 18:05:00,PHI,FLA,regular,21051,2,numbani,4,3,Elk|Poko|Sado|carpe|eqo|neptuNo,HaGoPeun|Kris|SWoN|TviQ|bqb|xepheR,Boombox|Elk|Poko|Sado|carpe|eqo|fragi|neptuNo|snillo,Apply|HaGoPeun|Kris|SNT|SWoN|TviQ|bqb|sayaplayer|xepheR
21232,Stage 1,2019-02-21 18:05:00,PHI,FLA,regular,21053,3,temple-of-anubis,4,4,Elk|Poko|Sado|carpe|eqo|neptuNo,HaGoPeun|Kris|SWoN|TviQ|bqb|xepheR,Boombox|Elk|Poko|Sado|carpe|eqo|fragi|neptuNo|snillo,Apply|HaGoPeun|Kris|SNT|SWoN|TviQ|bqb|sayaplayer|xepheR
21232,Stage 1,2019-02-21 18:05:00,PHI,FLA,regular,21055,4,route-66,0,1,Elk|Poko|Sado|carpe|eqo|neptuNo,HaGoPeun|Kris|SWoN|TviQ|bqb|xepheR,Boombox|Elk|Poko|Sado|carpe|eqo|fragi|neptuNo|snillo,Apply|HaGoPeun|Kris|SNT|SWoN|TviQ|bqb|sayaplayer|xepheR
21272,Stage 1,2019-02-21 19:40:00,GZC,DAL,regular,21026,1,,2,0,Chara|Eileen|HOTBA|Happy|Rio|shu,Closer|EFFECT|OGE|ZachaREEE|rCk|uNKOE,Chara|Eileen|HOTBA|Happy|Kyb|Onlywish|Rio|Rise|nero|shu,Closer|EFFECT|HarryHook|Mickie|OGE|Taimou|ZachaREEE|aKm|rCk|uNKOE
21272,Stage 1,2019-02-21 19:40:00,GZC,DAL,regular,21027,2,hollywood,2,1,Chara|HOTBA|Happy|Kyb|Rio|shu,Closer|OGE|ZachaREEE|aKm|rCk|uNKOE,Chara|Eileen|HOTBA|Happy|Kyb|Onlywish|Rio|Rise|nero|shu,Closer|EFFECT|HarryHook|Mickie|OGE|Taimou|ZachaREEE|aKm|rCk|uNKOE
21272,Stage 1,2019-02-21 19:40:00,GZC,DAL,regular,21028,3,temple-of-anubis,2,0,Chara|HOTBA|Happy|Kyb|Rio|shu,Closer|EFFECT|OGE|ZachaREEE|rCk|uNKOE,Chara|Eileen|HOTBA|Happy|Kyb|Onlywish|Rio|Rise|nero|shu,Closer|EFFECT|HarryHook|Mickie|OGE|Taimou|ZachaREEE|aKm|rCk|uNKOE
21272,Stage 1,2019-02-21 19:40:00,GZC,DAL,regular,21029,4,route-66,3,2,Chara|HOTBA|Happy|Kyb|Rio|shu,Closer|OGE|ZachaREEE|aKm|rCk|uNKOE,Chara|Eileen|HOTBA|Happy|Kyb|Onlywish|Rio|Rise|nero|shu,Closer|EFFECT|HarryHook|Mickie|OGE|Taimou|ZachaREEE|aKm|rCk|uNKOE
21233,Stage 1,2019-02-21 21:10:00,SEO,CDH,regular,21015,1,ilios,2,1,Fissure|Fleta|Jecse|Michelle|Munchkin|ryujehong,Elsa|JinMu|Kyo|Yveltal|ameng|lateyoung,FITS|Fissure|Fleta|Jecse|Marve1|Michelle|Munchkin|ZUNBA|ryujehong|tobi,Baconjack|Elsa|GARRY|JIQIREN|JinMu|Kyo|YangXiaoLong|Yveltal|ameng|lateyoung
21233,Stage 1,2019-02-21 21:10:00,SEO,CDH,regular,21016,2,hollywood,2,1,Fissure|Fleta|Jecse|Michelle|Munchkin|ryujehong,Baconjack|Elsa|JinMu|Kyo|Yveltal|ameng,FITS|Fissure|Fleta|Jecse|Marve1|Michelle|Munchkin|ZUNBA|ryujehong|tobi,Baconjack|Elsa|GARRY|JIQIREN|JinMu|Kyo|YangXiaoLong|Yveltal|ameng|lateyoung
21233,Stage 1,2019-02-21 21:10:00,SEO,CDH,regular,21017,3,horizon-lunar-colony,4,3,Fissure|Fleta|Jecse|Michelle|Munchkin|ryujehong,Baconjack|Elsa|JinMu|Kyo|Yveltal|ameng,FITS|Fissure|Fleta|Jecse|Marve1|Michelle|Munchkin|ZUNBA|ryujehong|tobi,Baconjack|Elsa|GARRY|JIQIREN|JinMu|Kyo|YangXiaoLong|Yveltal|ameng|lateyoung
21233,Stage 1,2019-02-21 21:10:00,SEO,CDH,regular,21018,4,,3,2,Fissure|Fleta|Jecse|Michelle|Munchkin|ryujehong,Elsa|JinMu|Kyo|Yveltal|ameng|lateyoung,FITS|Fissure|Fleta|Jecse|Marve1|Michelle|Munchkin|ZUNBA|ryujehong|tobi,Baconjack|Elsa|GARRY|JIQIREN|JinMu|Kyo|YangXiaoLong|Yveltal|ameng|lateyoung
21178,Stage 1,2019-02-22 16:00:00,ATL,TOR,regular,20890,1,,1,2,Erster|Kodak|Masaa|NLaaeR|Pokpo|dafran,Aid|Envy|RoKy|Stellar|Yakpung|ivy,Daco|Dogman|Erster|Gator|Kodak|Masaa|NLaaeR|Pokpo|dafran,Aid|Asher|Envy|Neko|RoKy|Stellar|Yakpung|ivy
21178,Stage 1,2019-02-22 16:00:00,ATL,TOR,regular,21101,2,numbani,2,1,Daco|Dogman|Erster|Masaa|Pokpo|dafran,Aid|Envy|RoKy|Stellar|Yakpung|ivy,Daco|Dogman|Erster|Gator|Kodak|Masaa|NLaaeR|Pokpo|dafran,Aid|Asher|Envy|Neko|RoKy|Stellar|Yakpung|ivy
21178,Stage 1,2019-02-22 16:00:00,ATL,TOR,regular,21102,3,horizon-lunar-colony,6,4,Daco|Kodak|Masaa|NLaaeR|Pokpo|dafran,Aid|Envy|RoKy|Stellar|Yakpung|ivy,Daco|Dogman|Erster|Gator|Kodak|Masaa|NLaaeR|Pokpo|dafran,Aid|Asher|Envy|Neko|RoKy|Stellar|Yakpung|ivy
21178,Stage 1,2019-02-22 16:00:00,ATL,TOR,regular,21103,4,dorado,3,0,Daco|Dogman|Erster|Masaa|Pokpo|dafran,Aid|Envy|RoKy|Stellar|Yakpung|ivy,Daco|Dogman|Erster|Gator|Kodak|Masaa|NLaaeR|Pokpo|dafran,Aid|Asher|Envy|Neko|RoKy|Stellar|Yakpung|ivy
21242,Stage 1,2019-02-22 17:55:00,NYE,VAL,regular,21019,1,nepal,0,2,Anamo|JJONAK|Libero|Mano|MekO|Nenne,Agilities|Custa|Fate|IZaYaKI|KariV|SPACE,Anamo|ArK|Fl0w3R|JJONAK|Libero|Mano|MekO|Nenne|Pine|Saebyeolbe,Agilities|Bunny|Custa|Fate|IZaYaKI|KSF|KariV|KuKi|SPACE
21242,Stage 1,2019-02-22 17:55:00,NYE,VAL,regular,21020,2,hollywood,2,1,Anamo|JJONAK|Libero|Mano|MekO|Nenne,Agilities|Fate|IZaYaKI|KSF|KuKi|SPACE,Anamo|ArK|Fl0w3R|JJONAK|Libero|Mano|MekO|Nenne|Pine|Saebyeolbe,Agilities|Bunny|Custa|Fate|IZaYaKI|KSF|KariV|KuKi|SPACE
21242,Stage 1,2019-02-22 17:55:00,NYE,VAL,regular,21111,3,volskaya,0,2,Anamo|JJONAK|Libero|Mano|MekO|Nenne,Agilities|Fate|IZaYaKI|KariV|KuKi|SPACE,Anamo|ArK|Fl0w3R|JJONAK|Libero|Mano|MekO|Nenne|Pine|Saebyeolbe,Agilities|Bunny|Custa|Fate|IZaYaKI|KSF|KariV|KuKi|SPACE
21242,Stage 1,2019-02-22 17:55:00,NYE,VAL,regular,21112,4,,2,1,Anamo|JJONAK|Libero|Mano|MekO|Nenne,Agilities|Fate|IZaYaKI|KariV|KuKi|SPACE,Anamo|ArK|Fl0w3R|JJONAK|Libero|Mano|MekO|Nenne|Pine|Saebyeolbe,Agilities|Bunny|Custa|Fate|IZaYaKI|KSF|KariV|KuKi|SPACE
21242,Stage 1,2019-02-22 17:55:00,NYE,VAL,regular,22081,5,ilios,2,0,Anamo|JJONAK|Libero|Mano|MekO|Nenne,Agilities|Custa|Fate|IZaYaKI|KariV|SPACE,Anamo|ArK|Fl0w3R|JJONAK|Libero|Mano|MekO|Nenne|Pine|Saebyeolbe,Agilities|Bunny|Custa|Fate|IZaYaKI|KSF|KariV|KuKi|SPACE
21281,Stage 1,2019-02-22 19:25:00,SHD,BOS,regular,21030,1,ilios,2,0,CoMa|DDing|Gamsu|Geguri|Luffy|diem,AimGod|Axxiom|ColourHex|Kellex|NotE|blase,CoMa|DDing|Diya|FEARLESS|Gamsu|Geguri|GuardiaN|Luffy|YOUNGJIN|diem,AimGod|Axxiom|ColourHex|Fusions|Kellex|NotE|alemao|blase
21281,Stage 1,2019-02-22 19:25:00,SHD,BOS,regular,21131,2,kings-row,4,3,CoMa|DDing|Gamsu|Luffy|YOUNGJIN|diem,AimGod|Axxiom|ColourHex|Kellex|NotE|blase,CoMa|DDing|Diya|FEARLESS|Gamsu|Geguri|GuardiaN|Luffy|YOUNGJIN|diem,AimGod|Axxiom|ColourHex|Fusions|Kellex|NotE|alemao|blase
21281,Stage 1,2019-02-22 19:25:00,SHD,BOS,regular,21132,3,horizon-lunar-colony,5,4,CoMa|DDing|Gamsu|Luffy|YOUNGJIN|diem,AimGod|Axxiom|ColourHex|Kellex|NotE|blase,CoMa|DDing|Diya|FEARLESS|Gamsu|Geguri|GuardiaN|Luffy|YOUNGJIN|diem,AimGod|Axxiom|ColourHex|Fusions|Kellex|NotE|alemao|blase
21281,Stage 1,2019-02-22 19:25:00,SHD,BOS,regular,21133,4,,0,1,CoMa|DDing|Gamsu|Luffy|YOUNGJIN|diem,AimGod|Axxiom|ColourHex|Kellex|NotE|blase,CoMa|DDing|Diya|FEARLESS|Gamsu|Geguri|GuardiaN|Luffy|YOUNGJIN|diem,AimGod|Axxiom|ColourHex|Fusions|Kellex|NotE|alemao|blase
21179,Stage 1,2019-02-22 21:00:00,HOU,HZS,regular,21095,1,,2,0,Boink|Danteh|Jake|LiNkzr|Muma|Rawkus,BEBE|Bazzi|GodsB|NoSmite|Ria|iDK,ArHaN|Bani|Boink|Danteh|Jake|LiNkzr|Muma|Rawkus|SPREE|coolmatt,Adora|BEBE|Bazzi|GodsB|Guxue|Krystal|NoSmite|Revenge|Ria|iDK
21179,Stage 1,2019-02-22 21:00:00,HOU,HZS,regular,21096,2,kings-row,5,4,Boink|Danteh|Jake|Muma|Rawkus|SPREE,BEBE|Bazzi|GodsB|Guxue|Ria|iDK,ArHaN|Bani|Boink|Danteh|Jake|LiNkzr|Muma|Rawkus|SPREE|coolmatt,Adora|BEBE|Bazzi|GodsB|Guxue|Krystal|NoSmite|Revenge|Ria|iDK
21179,Stage 1,2019-02-22 21:00:00,HOU,HZS,regular,21097,3,temple-of-anubis,4,3,Boink|Danteh|Jake|Muma|Rawkus|SPREE,Bazzi|GodsB|NoSmite|Revenge|Ria|iDK,ArHaN|Bani|Boink|Danteh|Jake|LiNkzr|Muma|Rawkus|SPREE|coolmatt,Adora|BEBE|Bazzi|GodsB|Guxue|Krystal|NoSmite|Revenge|Ria|iDK
21179,Stage 1,2019-02-22 21:00:00,HOU,HZS,regular,21098,4,dorado,0,1,Boink|Danteh|Jake|Muma|Rawkus|SPREE,BEBE|Bazzi|GodsB|NoSmite|Ria|iDK,ArHaN|Bani|Boink|Danteh|Jake|LiNkzr|Muma|Rawkus|SPREE|coolmatt,Adora|BEBE|Bazzi|GodsB|Guxue|Krystal|NoSmite|Revenge|Ria|iDK
21243,Stage 1,2019-02-23 12:00:00,GLA,PAR,regular,21108,1,nepal,2,1,BigG00se|Hydration|Shaz|Surefour|Void|rOar,BenBest|Finnsi|HyP|Kruise|NiCOgdh|SoOn,BigG00se|Bischu|Decay|Hydration|Panker|Ripa|Shaz|Surefour|Void|rOar,BenBest|Finnsi|Greyy|HyP|Kruise|LhCloudy|NiCOgdh|ShaDowBurn|SoOn|danye
21243,Stage 1,2019-02-23 12:00:00,GLA,PAR,regular,21109,2,numbani,2,3,BigG00se|Hydration|Shaz|Surefour|Void|rOar,BenBest|Finnsi|HyP|Kruise|NiCOgdh|SoOn,BigG00se|Bischu|Decay|Hydration|Panker|Ripa|Shaz|Surefour|Void|rOar,BenBest|Finnsi|Greyy|HyP|Kruise|LhCloudy|NiCOgdh|ShaDowBurn|SoOn|danye
21243,Stage 1,2019-02-23 12:00:00,GLA,PAR,regular,21110,3,temple-of-anubis,3,3,BigG00se|Hydration|Shaz|Surefour|Void|rOar,BenBest|Finnsi|HyP|Kruise|NiCOgdh|SoOn,BigG00se|Bischu|Decay|Hydration|Panker|Ripa|Shaz|Surefour|Void|rOar,BenBest|Finnsi|Greyy|HyP|Kruise|LhCloudy|NiCOgdh|ShaDowBurn|SoOn|danye
21243,Stage 1,2019-02-23 12:00:00,GLA,PAR,regular,21121,4,dorado,2,3,BigG00se|Hydration|Shaz|Surefour|Void|rOar,BenBest|Finnsi|HyP|Kruise|NiCOgdh|SoOn,BigG00se|Bischu|Decay|Hydration|Panker|Ripa|Shaz|Surefour|Void|rOar,BenBest|Finnsi|Greyy|HyP|Kruise|LhCloudy|NiCOgdh|ShaDowBurn|SoOn|danye
21282,Stage 1,2019-02-23 13:35:00,PHI,DAL,regular,21104,1,,0,2,Elk|Sado|carpe|eqo|neptuNo|snillo,Closer|OGE|ZachaREEE|aKm|rCk|uNKOE,Boombox|Elk|Poko|Sado|carpe|eqo|fragi|neptuNo|snillo,Closer|EFFECT|HarryHook|Mickie|OGE|Taimou|ZachaREEE|aKm|rCk|uNKOE
21282,Stage 1,2019-02-23 13:35:00,PHI,DAL,regular,21105,2,numbani,1,3,Elk|Poko|Sado|carpe|eqo|neptuNo,Closer|OGE|ZachaREEE|aKm|rCk|uNKOE,Boombox|Elk|Poko|Sado|carpe|eqo|fragi|neptuNo|snillo,Closer|EFFECT|HarryHook|Mickie|OGE|Taimou|ZachaREEE|aKm|rCk|uNKOE
21282,Stage 1,2019-02-23 13:35:00,PHI,DAL,regular,21106,3,horizon-lunar-colony,4,3,Elk|Poko|Sado|carpe|eqo|neptuNo,Closer|EFFECT|OGE|ZachaREEE|rCk|uNKOE,Boombox|Elk|Poko|Sado|carpe|eqo|fragi|neptuNo|snillo,Closer|EFFECT|HarryHook|Mickie|OGE|Taimou|ZachaREEE|aKm|rCk|uNKOE
21282,Stage 1,2019-02-23 13:35:00,PHI,DAL,regular,21107,4,dorado,2,3,Elk|Poko|Sado|carpe|eqo|neptuNo,Closer|OGE|ZachaREEE|aKm|rCk|uNKOE,Boombox|Elk|Poko|Sado|carpe|eqo|fragi|neptuNo|snillo,Closer|EFFECT|HarryHook|Mickie|OGE|Taimou|ZachaREEE|aKm|rCk|uNKOE
21291,Stage 1,2019-02-23 15:15:00,VAN,GZC,regular,21091,1,nepal,0,2,BUMPER|Haksal|JJANU|SLIME|Stitch|Twilight,Chara|Eileen|HOTBA|Happy|Rio|shu,BUMPER|Haksal|Hooreg|JJANU|RAPEL|SLIME|SeoMinSoo|Stitch|Twilight,Chara|Eileen|HOTBA|Happy|Kyb|Onlywish|Rio|Rise|nero|shu
21291,Stage 1,2019-02-23 15:15:00,VAN,GZC,regular,21092,2,hollywood,1,0,BUMPER|Haksal|JJANU|SLIME|SeoMinSoo|Twilight,Chara|HOTBA|Happy|Kyb|Rio|shu,BUMPER|Haksal|Hooreg|JJANU|RAPEL|SLIME|SeoMinSoo|Stitch|Twilight,Chara|Eileen|HOTBA|Happy|Kyb|Onlywish|Rio|Rise|nero|shu
21291,Stage 1,2019-02-23 15:15:00,VAN,GZC,regular,21093,3,volskaya,3,2,BUMPER|Haksal|JJANU|SLIME|SeoMinSoo|Twilight,Chara|Eileen|HOTBA|Happy|Rio|shu,BUMPER|Haksal|Hooreg|JJANU|RAPEL|SLIME|SeoMinSoo|Stitch|Twilight,Chara|Eileen|HOTBA|Happy|Kyb|Onlywish|Rio|Rise|nero|shu
21291,Stage 1,2019-02-23 15:15:00,VAN,GZC,regular,21094,4,route-66,3,4,BUMPER|Haksal|JJANU|SLIME|SeoMinSoo|Twilight,Chara|HOTBA|Happy|Kyb|Rio|shu,BUMPER|Haksal|Hooreg|JJANU|RAPEL|SLIME|SeoMinSoo|Stitch|Twilight,Chara|Eileen|HOTBA|Happy|Kyb|Onlywish|Rio|Rise|nero|shu
21291,Stage 1,2019-02-23 15:15:00,VAN,GZC,regular,22024,5,ilios,2,1,BUMPER|Haksal|JJANU|SLIME|SeoMinSoo|Twilight,Chara|Eileen|HOTBA|Happy|Rio|shu,BUMPER|Haksal|Hooreg|JJANU|RAPEL|SLIME|SeoMinSoo|Stitch|Twilight,Chara|Eileen|HOTBA|Happy|Kyb|Onlywish|Rio|Rise|nero|shu
21234,Stage 1,2019-02-23 17:15:00,CDH,FLA,regular,21084,1,nepal,2,1,Elsa|JinMu|Kyo|Yveltal|ameng|lateyoung,HaGoPeun|Kris|SWoN|TviQ|bqb|xepheR,Baconjack|Elsa|GARRY|JIQIREN|JinMu|Kyo|YangXiaoLong|Yveltal|ameng|lateyoung,Apply|HaGoPeun|Kris|SNT|SWoN|TviQ|bqb|sayaplayer|xepheR
21234,Stage 1,2019-02-23 17:15:00,CDH,FLA,regular,21085,2,kings-row,2,3,Elsa|JinMu|Kyo|Yveltal|ameng|lateyoung,HaGoPeun|Kris|SWoN|TviQ|bqb|xepheR,Baconjack|Elsa|GARRY|JIQIREN|JinMu|Kyo|YangXiaoLong|Yveltal|ameng|lateyoung,Apply|HaGoPeun|Kris|SNT|SWoN|TviQ|bqb|sayaplayer|xepheR
21234,Stage 1,2019-02-23 17:15:00,CDH,FLA,regular,21086,3,temple-of-anubis,2,0,Baconjack|Elsa|JinMu|Kyo|Yveltal|ameng,HaGoPeun|Kris|SWoN|TviQ|bqb|xepheR,Baconjack|Elsa|GARRY|JIQIREN|JinMu|Kyo|YangXiaoLong|Yveltal|ameng|lateyoung,Apply|HaGoPeun|Kris|SNT|SWoN|TviQ|bqb|sayaplayer|xepheR
21234,Stage 1,2019-02-23 17:15:00,CDH,FLA,regular,21087,4,,2,3,Baconjack|Elsa|JinMu|Kyo|Yveltal|ameng,HaGoPeun|Kris|SWoN|TviQ|bqb|xepheR,Baconjack|Elsa|GARRY|JIQIREN|JinMu|Kyo|YangXiaoLong|Yveltal|ameng|lateyoung,Apply|HaGoPeun|Kris|SNT|SWoN|TviQ|bqb|sayaplayer|xepheR
21234,Stage 1,2019-02-23 17:15:00,CDH,FLA,regular,22035,5,,2,0,Elsa|JinMu|Kyo|Yveltal|ameng|lateyoung,HaGoPeun|Kris|SWoN|TviQ|bqb|sayaplayer,Baconjack|Elsa|GARRY|JIQIREN|JinMu|Kyo|YangXiaoLong|Yveltal|ameng|lateyoung,Apply|HaGoPeun|Kris|SNT|SWoN|TviQ|bqb|sayaplayer|xepheR
21301,Stage 1,2019-02-24 12:00:00,HZS,LDN,regular,21048,1,ilios,0,2,BEBE|Bazzi|GodsB|NoSmite|Ria|iDK,Bdosin|Fury|Gesture|Guard|NUS|Profit,Adora|BEBE|Bazzi|GodsB|Guxue|Krystal|NoSmite|Revenge|Ria|iDK,BIRDRING|Bdosin|Fury|Gesture|Guard|Krillin|NUS|Profit
21301,Stage 1,2019-02-24 12:00:00,HZS,LDN,regular,21066,2,numbani,1,2,Adora|BEBE|GodsB|NoSmite|Ria|iDK,Bdosin|Fury|Gesture|Guard|NUS|Profit,Adora|BEBE|Bazzi|GodsB|Guxue|Krystal|NoSmite|Revenge|Ria|iDK,BIRDRING|Bdosin|Fury|Gesture|Guard|Krillin|NUS|Profit
21301,Stage 1,2019-02-24 12:00:00,HZS,LDN,regular,21067,3,horizon-lunar-colony,0,2,Bazzi|GodsB|Guxue|Revenge|Ria|iDK,Bdosin|Fury|Gesture|Guard|NUS|Profit,Adora|BEBE|Bazzi|GodsB|Guxue|Krystal|NoSmite|Revenge|Ria|iDK,BIRDRING|Bdosin|Fury|Gesture|Guard|Krillin|NUS|Profit
21301,Stage 1,2019-02-24 12:00:00,HZS,LDN,regular,21068,4,dorado,3,2,Adora|BEBE|GodsB|NoSmite|Ria|iDK,Bdosin|Fury|Gesture|Guard|NUS|Profit,Adora|BEBE|Bazzi|GodsB|Guxue|Krystal|NoSmite|Revenge|Ria|iDK,BIRDRING|Bdosin|Fury|Gesture|Guard|Krillin|NUS|Profit
21235,Stage 1,2019-02-24 13:30:00,NYE,HOU,regular,20970,1,nepal,2,0,Anamo|JJONAK|Libero|Mano|MekO|Nenne,Boink|Danteh|Jake|Muma|Rawkus|SPREE,Anamo|ArK|Fl0w3R|JJONAK|Libero|Mano|MekO|Nenne|Pine|Saebyeolbe,ArHaN|Bani|Boink|Danteh|Jake|LiNkzr|Muma|Rawkus|SPREE|coolmatt
21235,Stage 1,2019-02-24 13:30:00,NYE,HOU,regular,21081,2,hollywood,3,0,Anamo|JJONAK|Libero|Mano|MekO|Nenne,Boink|Danteh|Jake|Muma|Rawkus|SPREE,Anamo|ArK|Fl0w3R|JJONAK|Libero|Mano|MekO|Nenne|Pine|Saebyeolbe,ArHaN|Bani|Boink|Danteh|Jake|LiNkzr|Muma|Rawkus|SPREE|coolmatt
21235,Stage 1,2019-02-24 13:30:00,NYE,HOU,regular,21082,3,temple-of-anubis,2,0,Anamo|JJONAK|Libero|Mano|MekO|Nenne,Boink|Danteh|Jake|Muma|Rawkus|SPREE,Anamo|ArK|Fl0w3R|JJONAK|Libero|Mano|MekO|Nenne|Pine|Saebyeolbe,ArHaN|Bani|Boink|Danteh|Jake|LiNkzr|Muma|Rawkus|SPREE|coolmatt
21235,Stage 1,2019-02-24 13:30:00,NYE,HOU,regular,21083,4,route-66,2,1,ArK|JJONAK|Libero|Mano|MekO|Nenne,Boink|Danteh|Jake|Muma|Rawkus|SPREE,Anamo|ArK|Fl0w3R|JJONAK|Libero|Mano|MekO|Nenne|Pine|Saebyeolbe,ArHaN|Bani|Boink|Danteh|Jake|LiNkzr|Muma|Rawkus|SPREE|coolmatt
21180,Stage 1,2019-02-24 15:00:00,TOR,VAL,regular,20979,1,ilios,2,1,Aid|Envy|RoKy|Stellar|Yakpung|ivy,Agilities|Custa|Fate|IZaYaKI|KariV|SPACE,Aid|Asher|Envy|Neko|RoKy|Stellar|Yakpung|ivy,Agilities|Bunny|Custa|Fate|IZaYaKI|KSF|KariV|KuKi|SPACE
21180,Stage 1,2019-02-24 15:00:00,TOR,VAL,regular,20980,2,hollywood,3,3,Aid|Envy|RoKy|Stellar|Yakpung|ivy,Agilities|Custa|Fate|IZaYaKI|KariV|SPACE,Aid|Asher|Envy|Neko|RoKy|Stellar|Yakpung|ivy,Agilities|Bunny|Custa|Fate|IZaYaKI|KSF|KariV|KuKi|SPACE
21180,Stage 1,2019-02-24 15:00:00,TOR,VAL,regular,21071,3,horizon-lunar-colony,4,3,Aid|Envy|RoKy|Stellar|Yakpung|ivy,Agilities|Custa|Fate|IZaYaKI|KariV|SPACE,Aid|Asher|Envy|Neko|RoKy|Stellar|Yakpung|ivy,Agilities|Bunny|Custa|Fate|IZaYaKI|KSF|KariV|KuKi|SPACE
21180,Stage 1,2019-02-24 15:00:00,TOR,VAL,regular,21072,4,dorado,2,3,Aid|Envy|RoKy|Stellar|Yakpung|ivy,Agilities|Custa|Fate|IZaYaKI|KariV|SPACE,Aid|Asher|Envy|Neko|RoKy|Stellar|Yakpung|ivy,Agilities|Bunny|Custa|Fate|IZaYaKI|KSF|KariV|KuKi|SPACE
21244,Stage 1,2019-02-24 16:45:00,VAN,SFS,regular,21062,1,,2,0,BUMPER|Haksal|JJANU|SLIME|SeoMinSoo|Twilight,Architect|Choihyobin|STRIKER|Smurf|Viol2t|moth,BUMPER|Haksal|Hooreg|JJANU|RAPEL|SLIME|SeoMinSoo|Stitch|Twilight,Architect|Choihyobin|Nevix|Rascal|STRIKER|Smurf|Viol2t|babybay|moth|sinatraa|sleepy|super
21244,Stage 1,2019-02-24 16:45:00,VAN,SFS,regular,21063,2,kings-row,5,4,BUMPER|Haksal|JJANU|SLIME|SeoMinSoo|Twilight,Architect|Choihyobin|Viol2t|moth|sinatraa|super,BUMPER|Haksal|Hooreg|JJANU|RAPEL|SLIME|SeoMinSoo|Stitch|Twilight,Architect|Choihyobin|Nevix|Rascal|STRIKER|Smurf|Viol2t|babybay|moth|sinatraa|sleepy|super
21244,Stage 1,2019-02-24 16:45:00,VAN,SFS,regular,21064,3,volskaya,2,1,BUMPER|Haksal|JJANU|SLIME|SeoMinSoo|Twilight,Architect|Nevix|Viol2t|moth|sinatraa|super,BUMPER|Haksal|Hooreg|JJANU|RAPEL|SLIME|SeoMinSoo|Stitch|Twilight,Architect|Choihyobin|Nevix|Rascal|STRIKER|Smurf|Viol2t|babybay|moth|sinatraa|sleepy|super
21244,Stage 1,2019-02-24 16:45:00,VAN,SFS,regular,21065,4,route-66,4,5,BUMPER|Haksal|JJANU|SLIME|SeoMinSoo|Twilight,Architect|Nevix|Viol2t|moth|sinatraa|super,BUMPER|Haksal|Hooreg|JJANU|RAPEL|SLIME|SeoMinSoo|Stitch|Twilight,Architect|Choihyobin|Nevix|Rascal|STRIKER|Smurf|Viol2t|babybay|moth|sinatraa|sleepy|super
21252,Stage 1,2019-02-28 16:00:00,WAS,PHI,regular,20966,1,ilios,2,1,Ado|Corey|Fahzix|Gido|Janus|Sansam,Boombox|Poko|Sado|carpe|eqo|neptuNo,Ado|Corey|Fahzix|Gido|Hyeonu|Janus|Sansam|Stratus,Boombox|Elk|Poko|Sado|carpe|eqo|fragi|neptuNo|snillo
21252,Stage 1,2019-02-28 16:00:00,WAS,PHI,regular,20967,2,hollywood,1,2,Ado|Corey|Fahzix|Gido|Janus|Sansam,Boombox|Poko|Sado|carpe|eqo|neptuNo,Ado|Corey|Fahzix|Gido|Hyeonu|Janus|Sansam|Stratus,Boombox|Elk|Poko|Sado|carpe|eqo|fragi|neptuNo|snillo
21252,Stage 1,2019-02-28 16:00:00,WAS,PHI,regular,20968,3,temple-of-anubis,3,4,Corey|Fahzix|Gido|Janus|Sansam|Stratus,Boombox|Poko|Sado|carpe|eqo|neptuNo,Ado|Corey|Fahzix|Gido|Hyeonu|Janus|Sansam|Stratus,Boombox|Elk|Poko|Sado|carpe|eqo|fragi|neptuNo|snillo
21252,Stage 1,2019-02-28 16:00:00,WAS,PHI,regular,20969,4,route-66,1,3,Ado|Corey|Fahzix|Gido|Janus|Sansam,Boombox|Poko|Sado|carpe|eqo|neptuNo,Ado|Corey|Fahzix|Gido|Hyeonu|Janus|Sansam|Stratus,Boombox|Elk|Poko|Sado|carpe|eqo|fragi|neptuNo|snillo
21223,Stage 1,2019-02-28 17:35:00,SEO,BOS,regular,20938,1,nepal,1,2,Fissure|Fleta|Jecse|Michelle|Munchkin|ryujehong,AimGod|ColourHex|Fusions|Kellex|NotE|blase,FITS|Fissure|Fleta|Jecse|Marve1|Michelle|Munchkin|ZUNBA|ryujehong|tobi,AimGod|Axxiom|ColourHex|Fusions|Kellex|NotE|alemao|blase
21223,Stage 1,2019-02-28 17:35:00,SEO,BOS,regular,20939,2,numbani,4,5,Fissure|Fleta|Jecse|Michelle|Munchkin|ryujehong,AimGod|ColourHex|Fusions|Kellex|NotE|blase,FITS|Fissure|Fleta|Jecse|Marve1|Michelle|Munchkin|ZUNBA|ryujehong|tobi,AimGod|Axxiom|ColourHex|Fusions|Kellex|NotE|alemao|blase
21223,Stage 1,2019-02-28 17:35:00,SEO,BOS,regular,20940,3,temple-of-anubis,4,3,Fissure|Fleta|Jecse|Michelle|Munchkin|ryujehong,AimGod|ColourHex|Fusions|Kellex|NotE|blase,FITS|Fissure|Fleta|Jecse|Marve1|Michelle|Munchkin|ZUNBA|ryujehong|tobi,AimGod|Axxiom|ColourHex|Fusions|Kellex|NotE|alemao|blase
21223,Stage 1,2019-02-28 17:35:00,SEO,BOS,regular,21061,4,route-66,2,3,Fissure|Fleta|Jecse|Michelle|Munchkin|ryujehong,AimGod|ColourHex|Fusions|Kellex|NotE|blase,FITS|Fissure|Fleta|Jecse|Marve1|Michelle|Munchkin|ZUNBA|ryujehong|tobi,AimGod|Axxiom|ColourHex|Fusions|Kellex|NotE|alemao|blase
21214,Stage 1,2019-02-28 19:25:00,FLA,GZC,regular,21044,1,,0,2,Apply|HaGoPeun|Kris|SWoN|bqb|sayaplayer,Chara|Eileen|HOTBA|Happy|Rio|shu,Apply|HaGoPeun|Kris|SNT|SWoN|TviQ|bqb|sayaplayer|xepheR,Chara|Eileen|HOTBA|Happy|Kyb|Onlywish|Rio|Rise|nero|shu
21214,Stage 1,2019-02-28 19:25:00,FLA,GZC,regular,21045,2,numbani,2,1,Apply|HaGoPeun|Kris|Mcgravy|SWoN|bqb,Chara|HOTBA|Happy|Kyb|Rio|shu,Apply|HaGoPeun|Kris|SNT|SWoN|TviQ|bqb|sayaplayer|xepheR,Chara|Eileen|HOTBA|Happy|Kyb|Onlywish|Rio|Rise|nero|shu
21214,Stage 1,2019-02-28 19:25:00,FLA,GZC,regular,21046,3,horizon-lunar-colony,0,1,Apply|HaGoPeun|Kris|Mcgravy|SWoN|bqb,Chara|HOTBA|Happy|Kyb|Rio|shu,Apply|HaGoPeun|Kris|SNT|SWoN|TviQ|bqb|sayaplayer|xepheR,Chara|Eileen|HOTBA|Happy|Kyb|Onlywish|Rio|Rise|nero|shu
21214,Stage 1,2019-02-28 19:25:00,FLA,GZC,regular,21047,4,,2,1,HaGoPeun|Kris|SWoN|TviQ|bqb|xepheR,Chara|HOTBA|Happy|Kyb|Rio|shu,Apply|HaGoPeun|Kris|SNT|SWoN|TviQ|bqb|sayaplayer|xepheR,Chara|Eileen|HOTBA|Happy|Kyb|Onlywish|Rio|Rise|nero|shu
21214,Stage 1,2019-02-28 19:25:00,FLA,GZC,regular,22137,5,ilios,0,2,Apply|HaGoPeun|Kris|Mcgravy|SWoN|bqb,Chara|Eileen|HOTBA|Happy|Rio|shu,Apply|HaGoPeun|Kris|SNT|SWoN|TviQ|bqb|sayaplayer|xepheR,Chara|Eileen|HOTBA|Happy|Kyb|Onlywish|Rio|Rise|nero|shu
21262,Stage 1,2019-02-28 21:05:00,SFS,HZS,regular,21052,1,ilios,1,2,Architect|Choihyobin|Smurf|Viol2t|moth|sinatraa,BEBE|Bazzi|GodsB|Guxue|Ria|iDK,Architect|Choihyobin|Nevix|Rascal|STRIKER|Smurf|Viol2t|babybay|moth|sinatraa|sleepy|super,Adora|BEBE|Bazzi|GodsB|Guxue|Krystal|NoSmite|Revenge|Ria|iDK
21262,Stage 1,2019-02-28 21:05:00,SFS,HZS,regular,21054,2,hollywood,1,0,Choihyobin|Rascal|Viol2t|moth|sinatraa|super,BEBE|Bazzi|GodsB|NoSmite|Ria|iDK,Architect|Choihyobin|Nevix|Rascal|STRIKER|Smurf|Viol2t|babybay|moth|sinatraa|sleepy|super,Adora|BEBE|Bazzi|GodsB|Guxue|Krystal|NoSmite|Revenge|Ria|iDK
21262,Stage 1,2019-02-28 21:05:00,SFS,HZS,regular,21056,3,temple-of-anubis,4,2,Nevix|Rascal|Viol2t|moth|sinatraa|super,Adora|BEBE|GodsB|NoSmite|Ria|iDK,Architect|Choihyobin|Nevix|Rascal|STRIKER|Smurf|Viol2t|babybay|moth|sinatraa|sleepy|super,Adora|BEBE|Bazzi|GodsB|Guxue|Krystal|NoSmite|Revenge|Ria|iDK
21262,Stage 1,2019-02-28 21:05:00,SFS,HZS,regular,21057,4,route-66,3,0,Choihyobin|Rascal|Viol2t|moth|sinatraa|super,Bazzi|GodsB|NoSmite|Revenge|Ria|iDK,Architect|Choihyobin|Nevix|Rascal|STRIKER|Smurf|Viol2t|babybay|moth|sinatraa|sleepy|super,Adora|BEBE|Bazzi|GodsB|Guxue|Krystal|NoSmite|Revenge|Ria|iDK
21129,Stage 1,2019-03-01 16:00:00,GLA,LDN,regular,20977,1,,1,2,BigG00se|Decay|Hydration|Shaz|Void|rOar,Bdosin|Fury|Gesture|Guard|NUS|Profit,BigG00se|Bischu|Decay|Hydration|Panker|Ripa|Shaz|Surefour|Void|rOar,BIRDRING|Bdosin|Fury|Gesture|Guard|Krillin|NUS|Profit
21129,Stage 1,2019-03-01 16:00:00,GLA,LDN,regular,21041,2,numbani,3,3,BigG00se|Decay|Hydration|Shaz|Void|rOar,Bdosin|Fury|Gesture|Guard|NUS|Profit,BigG00se|Bischu|Decay|Hydration|Panker|Ripa|Shaz|Surefour|Void|rOar,BIRDRING|Bdosin|Fury|Gesture|Guard|Krillin|NUS|Profit
21129,Stage 1,2019-03-01 16:00:00,GLA,LDN,regular,21042,3,volskaya,3,2,BigG00se|Decay|Hydration|Shaz|Void|rOar,Bdosin|Fury|Gesture|Guard|NUS|Profit,BigG00se|Bischu|Decay|Hydration|Panker|Ripa|Shaz|Surefour|Void|rOar,BIRDRING|Bdosin|Fury|Gesture|Guard|Krillin|NUS|Profit
21129,Stage 1,2019-03-01 16:00:00,GLA,LDN,regular,21043,4,dorado,1,2,BigG00se|Decay|Hydration|Shaz|Void|rOar,Bdosin|Fury|Gesture|Guard|NUS|Profit,BigG00se|Bischu|Decay|Hydration|Panker|Ripa|Shaz|Surefour|Void|rOar,BIRDRING|Bdosin|Fury|Gesture|Guard|Krillin|NUS|Profit
21253,Stage 1,2019-03-01 17:35:00,TOR,NYE,regular,21038,1,,1,2,Envy|Neko|RoKy|Stellar|Yakpung|ivy,Anamo|JJONAK|Libero|Mano|MekO|Nenne,Aid|Asher|Envy|Neko|RoKy|Stellar|Yakpung|ivy,Anamo|ArK|Fl0w3R|JJONAK|Libero|Mano|MekO|Nenne|Pine|Saebyeolbe
21253,Stage 1,2019-03-01 17:35:00,TOR,NYE,regular,21039,2,kings-row,2,3,Envy|Neko|RoKy|Stellar|Yakpung|ivy,Anamo|JJONAK|Libero|Mano|MekO|Nenne,Aid|Asher|Envy|Neko|RoKy|Stellar|Yakpung|ivy,Anamo|ArK|Fl0w3R|JJONAK|Libero|Mano|MekO|Nenne|Pine|Saebyeolbe
21253,Stage 1,2019-03-01 17:35:00,TOR,NYE,regular,20860,3,temple-of-anubis,1,2,Envy|Neko|RoKy|Stellar|Yakpung|ivy,Anamo|JJONAK|Libero|Mano|MekO|Nenne,Aid|Asher|Envy|Neko|RoKy|Stellar|Yakpung|ivy,Anamo|ArK|Fl0w3R|JJONAK|Libero|Mano|MekO|Nenne|Pine|Saebyeolbe
21253,Stage 1,2019-03-01 17:35:00,TOR,NYE,regular,21040,4,dorado,3,0,Envy|Neko|RoKy|Stellar|Yakpung|ivy,ArK|JJONAK|Mano|MekO|Nenne|Saebyeolbe,Aid|Asher|Envy|Neko|RoKy|Stellar|Yakpung|ivy,Anamo|ArK|Fl0w3R|JJONAK|Libero|Mano|MekO|Nenne|Pine|Saebyeolbe
21224,Stage 1,2019-03-01 19:10:00,VAN,VAL,regular,21034,1,nepal,2,0,BUMPER|Haksal|JJANU|SLIME|SeoMinSoo|Twilight,Agilities|Fate|IZaYaKI|KariV|KuKi|SPACE,BUMPER|Haksal|Hooreg|JJANU|RAPEL|SLIME|SeoMinSoo|Stitch|Twilight,Agilities|Bunny|Custa|Fate|IZaYaKI|KSF|KariV|KuKi|SPACE
21224,Stage 1,2019-03-01 19:10:00,VAN,VAL,regular,21035,2,kings-row,3,2,BUMPER|Haksal|JJANU|SLIME|SeoMinSoo|Twilight,Agilities|Fate|IZaYaKI|KariV|KuKi|SPACE,BUMPER|Haksal|Hooreg|JJANU|RAPEL|SLIME|SeoMinSoo|Stitch|Twilight,Agilities|Bunny|Custa|Fate|IZaYaKI|KSF|KariV|KuKi|SPACE
21224,Stage 1,2019-03-01 19:10:00,VAN,VAL,regular,21036,3,horizon-lunar-colony,1,0,BUMPER|Haksal|JJANU|SLIME|SeoMinSoo|Twilight,Agilities|Fate|IZaYaKI|KariV|KuKi|SPACE,BUMPER|Haksal|Hooreg|JJANU|RAPEL|SLIME|SeoMinSoo|Stitch|Twilight,Agilities|Bunny|Custa|Fate|IZaYaKI|KSF|KariV|KuKi|SPACE
21224,Stage 1,2019-03-01 19:10:00,VAN,VAL,regular,21037,4,,2,3,BUMPER|Haksal|JJANU|RAPEL|SLIME|SeoMinSoo,Agilities|Fate|IZaYaKI|KariV|KuKi|SPACE,BUMPER|Haksal|Hooreg|JJANU|RAPEL|SLIME|SeoMinSoo|Stitch|Twilight,Agilities|Bunny|Custa|Fate|IZaYaKI|KSF|KariV|KuKi|SPACE
21215,Stage 1,2019-03-01 20:30:00,SHD,CDH,regular,21022,1,,2,1,CoMa|DDing|Gamsu|Luffy|YOUNGJIN|diem,Elsa|JinMu|Kyo|Yveltal|ameng|lateyoung,CoMa|DDing|Diya|FEARLESS|Gamsu|Geguri|GuardiaN|Luffy|YOUNGJIN|diem,Baconjack|Elsa|GARRY|JIQIREN|JinMu|Kyo|YangXiaoLong|Yveltal|ameng|lateyoung
21215,Stage 1,2019-03-01 20:30:00,SHD,CDH,regular,21023,2,numbani,3,2,CoMa|DDing|Gamsu|Luffy|YOUNGJIN|diem,Elsa|JinMu|Kyo|Yveltal|ameng|lateyoung,CoMa|DDing|Diya|FEARLESS|Gamsu|Geguri|GuardiaN|Luffy|YOUNGJIN|diem,Baconjack|Elsa|GARRY|JIQIREN|JinMu|Kyo|YangXiaoLong|Yveltal|ameng|lateyoung
21215,Stage 1,2019-03-01 20:30:00,SHD,CDH,regular,21024,3,volskaya,5,4,CoMa|DDing|Gamsu|Luffy|YOUNGJIN|diem,Elsa|JinMu|Kyo|Yveltal|ameng|lateyoung,CoMa|DDing|Diya|FEARLESS|Gamsu|Geguri|GuardiaN|Luffy|YOUNGJIN|diem,Baconjack|Elsa|GARRY|JIQIREN|JinMu|Kyo|YangXiaoLong|Yveltal|ameng|lateyoung
21215,Stage 1,2019-03-01 20:30:00,SHD,CDH,regular,21025,4,dorado,2,1,CoMa|DDing|Gamsu|Luffy|YOUNGJIN|diem,Baconjack|Elsa|JinMu|Kyo|Yveltal|ameng,CoMa|DDing|Diya|FEARLESS|Gamsu|Geguri|GuardiaN|Luffy|YOUNGJIN|diem,Baconjack|Elsa|GARRY|JIQIREN|JinMu|Kyo|YangXiaoLong|Yveltal|ameng|lateyoung
21263,Stage 1,2019-03-02 12:00:00,PAR,ATL,regular,21007,1,ilios,0,2,BenBest|Finnsi|HyP|Kruise|NiCOgdh|SoOn,Daco|Dogman|Erster|Masaa|Pokpo|dafran,BenBest|Finnsi|Greyy|HyP|Kruise|LhCloudy|NiCOgdh|ShaDowBurn|SoOn|danye,Daco|Dogman|Erster|Gator|Kodak|Masaa|NLaaeR|Pokpo|dafran
21263,Stage 1,2019-03-02 12:00:00,PAR,ATL,regular,21008,2,hollywood,1,3,BenBest|Finnsi|HyP|Kruise|NiCOgdh|SoOn,Daco|Dogman|Erster|Masaa|Pokpo|dafran,BenBest|Finnsi|Greyy|HyP|Kruise|LhCloudy|NiCOgdh|ShaDowBurn|SoOn|danye,Daco|Dogman|Erster|Gator|Kodak|Masaa|NLaaeR|Pokpo|dafran
21263,Stage 1,2019-03-02 12:00:00,PAR,ATL,regular,21009,3,temple-of-anubis,0,2,BenBest|Finnsi|HyP|Kruise|NiCOgdh|SoOn,Daco|Dogman|Erster|Masaa|NLaaeR|Pokpo,BenBest|Finnsi|Greyy|HyP|Kruise|LhCloudy|NiCOgdh|ShaDowBurn|SoOn|danye,Daco|Dogman|Erster|Gator|Kodak|Masaa|NLaaeR|Pokpo|dafran
21263,Stage 1,2019-03-02 12:00:00,PAR,ATL,regular,21010,4,route-66,2,3,BenBest|Finnsi|HyP|Kruise|NiCOgdh|SoOn,Daco|Dogman|Erster|Masaa|Pokpo|dafran,BenBest|Finnsi|Greyy|HyP|Kruise|LhCloudy|NiCOgdh|ShaDowBurn|SoOn|danye,Daco|Dogman|Erster|Gator|Kodak|Masaa|NLaaeR|Pokpo|dafran
21130,Stage 1,2019-03-02 13:30:00,FLA,HOU,regular,20900,1,ilios,1,2,Apply|HaGoPeun|Kris|Mcgravy|SWoN|bqb,Bani|Boink|Jake|LiNkzr|Muma|coolmatt,Apply|HaGoPeun|Kris|SNT|SWoN|TviQ|bqb|sayaplayer|xepheR,ArHaN|Bani|Boink|Danteh|Jake|LiNkzr|Muma|Rawkus|SPREE|coolmatt
21130,Stage 1,2019-03-02 13:30:00,FLA,HOU,regular,21031,2,kings-row,3,5,HaGoPeun|Kris|SWoN|TviQ|bqb|xepheR,Boink|Danteh|Jake|Muma|Rawkus|SPREE,Apply|HaGoPeun|Kris|SNT|SWoN|TviQ|bqb|sayaplayer|xepheR,ArHaN|Bani|Boink|Danteh|Jake|LiNkzr|Muma|Rawkus|SPREE|coolmatt
21130,Stage 1,2019-03-02 13:30:00,FLA,HOU,regular,21032,3,horizon-lunar-colony,3,4,Apply|HaGoPeun|Kris|Mcgravy|SWoN|bqb,Boink|Danteh|Jake|Muma|Rawkus|SPREE,Apply|HaGoPeun|Kris|SNT|SWoN|TviQ|bqb|sayaplayer|xepheR,ArHaN|Bani|Boink|Danteh|Jake|LiNkzr|Muma|Rawkus|SPREE|coolmatt
21130,Stage 1,2019-03-02 13:30:00,FLA,HOU,regular,21033,4,,2,1,HaGoPeun|Kris|SWoN|TviQ|bqb|xepheR,Bani|Boink|Jake|Muma|SPREE|coolmatt,Apply|HaGoPeun|Kris|SNT|SWoN|TviQ|bqb|sayaplayer|xepheR,ArHaN|Bani|Boink|Danteh|Jake|LiNkzr|Muma|Rawkus|SPREE|coolmatt
21273,Stage 1,2019-03-02 15:20:00,SFS,WAS,regular,20838,1,nepal,2,1,Choihyobin|Rascal|Viol2t|moth|sinatraa|super,Ado|Corey|Fahzix|Gido|Janus|Sansam,Architect|Choihyobin|Nevix|Rascal|STRIKER|Smurf|Viol2t|babybay|moth|sinatraa|sleepy|super,Ado|Corey|Fahzix|Gido|Hyeonu|Janus|Sansam|Stratus
21273,Stage 1,2019-03-02 15:20:00,SFS,WAS,regular,20839,2,numbani,3,2,Choihyobin|Rascal|Viol2t|moth|sinatraa|super,Ado|Corey|Fahzix|Gido|Janus|Sansam,Architect|Choihyobin|Nevix|Rascal|STRIKER|Smurf|Viol2t|babybay|moth|sinatraa|sleepy|super,Ado|Corey|Fahzix|Gido|Hyeonu|Janus|Sansam|Stratus
21273,Stage 1,2019-03-02 15:20:00,SFS,WAS,regular,20840,3,temple-of-anubis,2,0,Nevix|Rascal|Viol2t|moth|sinatraa|super,Ado|Corey|Fahzix|Gido|Janus|Sansam,Architect|Choihyobin|Nevix|Rascal|STRIKER|Smurf|Viol2t|babybay|moth|sinatraa|sleepy|super,Ado|Corey|Fahzix|Gido|Hyeonu|Janus|Sansam|Stratus
21273,Stage 1,2019-03-02 15:20:00,SFS,WAS,regular,21021,4,route-66,3,1,Choihyobin|Rascal|Viol2t|moth|sinatraa|super,Ado|Corey|Fahzix|Gido|Janus|Sansam,Architect|Choihyobin|Nevix|Rascal|STRIKER|Smurf|Viol2t|babybay|moth|sinatraa|sleepy|super,Ado|Corey|Fahzix|Gido|Hyeonu|Janus|Sansam|Stratus
21245,Stage 1,2019-03-02 16:50:00,SHD,DAL,regular,21003,1,ilios,0,2,CoMa|DDing|Gamsu|Luffy|YOUNGJIN|diem,Closer|OGE|ZachaREEE|aKm|rCk|uNKOE,CoMa|DDing|Diya|FEARLESS|Gamsu|Geguri|GuardiaN|Luffy|YOUNGJIN|diem,Closer|EFFECT|HarryHook|Mickie|OGE|Taimou|ZachaREEE|aKm|rCk|uNKOE
21245,Stage 1,2019-03-02 16:50:00,SHD,DAL,regular,21004,2,numbani,3,2,CoMa|DDing|Gamsu|Luffy|YOUNGJIN|diem,Closer|OGE|ZachaREEE|aKm|rCk|uNKOE,CoMa|DDing|Diya|FEARLESS|Gamsu|Geguri|GuardiaN|Luffy|YOUNGJIN|diem,Closer|EFFECT|HarryHook|Mickie|OGE|Taimou|ZachaREEE|aKm|rCk|uNKOE
21245,Stage 1,2019-03-02 16:50:00,SHD,DAL,regular,21005,3,volskaya,5,4,CoMa|DDing|Gamsu|Luffy|YOUNGJIN|diem,Closer|OGE|ZachaREEE|aKm|rCk|uNKOE,CoMa|DDing|Diya|FEARLESS|Gamsu|Geguri|GuardiaN|Luffy|YOUNGJIN|diem,Closer|EFFECT|HarryHook|Mickie|OGE|Taimou|ZachaREEE|aKm|rCk|uNKOE
21245,Stage 1,2019-03-02 16:50:00,SHD,DAL,regular,21006,4,dorado,4,5,CoMa|DDing|Gamsu|Luffy|YOUNGJIN|diem,Closer|OGE|ZachaREEE|aKm|rCk|uNKOE,CoMa|DDing|Diya|FEARLESS|Gamsu|Geguri|GuardiaN|Luffy|YOUNGJIN|diem,Closer|EFFECT|HarryHook|Mickie|OGE|Taimou|ZachaREEE|aKm|rCk|uNKOE
21245,Stage 1,2019-03-02 16:50:00,SHD,DAL,regular,22294,5,nepal,0,2,CoMa|DDing|Gamsu|Luffy|YOUNGJIN|diem,Closer|OGE|ZachaREEE|aKm|rCk|uNKOE,CoMa|DDing|Diya|FEARLESS|Gamsu|Geguri|GuardiaN|Luffy|YOUNGJIN|diem,Closer|EFFECT|HarryHook|Mickie|OGE|Taimou|ZachaREEE|aKm|rCk|uNKOE
21302,Stage 1,2019-03-03 12:00:00,BOS,TOR,regular,20934,1,,0,2,AimGod|ColourHex|Fusions|Kellex|NotE|blase,Envy|Neko|RoKy|Stellar|Yakpung|ivy,AimGod|Axxiom|ColourHex|Fusions|Kellex|NotE|alemao|blase,Aid|Asher|Envy|Neko|RoKy|Stellar|Yakpung|ivy
21302,Stage 1,2019-03-03 12:00:00,BOS,TOR,regular,20935,2,hollywood,2,3,AimGod|ColourHex|Fusions|Kellex|NotE|blase,Envy|Neko|RoKy|Stellar|Yakpung|ivy,AimGod|Axxiom|ColourHex|Fusions|Kellex|NotE|alemao|blase,Aid|Asher|Envy|Neko|RoKy|Stellar|Yakpung|ivy
21302,Stage 1,2019-03-03 12:00:00,BOS,TOR,regular,20936,3,temple-of-anubis,4,2,AimGod|ColourHex|Fusions|Kellex|NotE|blase,Envy|Neko|RoKy|Stellar|Yakpung|ivy,AimGod|Axxiom|ColourHex|Fusions|Kellex|NotE|alemao|blase,Aid|Asher|Envy|Neko|RoKy|Stellar|Yakpung|ivy
21302,Stage 1,2019-03-03 12:00:00,BOS,TOR,regular,20937,4,,1,2,AimGod|ColourHex|Fusions|Kellex|NotE|blase,Envy|Neko|RoKy|Stellar|Yakpung|ivy,AimGod|Axxiom|ColourHex|Fusions|Kellex|NotE|alemao|blase,Aid|Asher|Envy|Neko|RoKy|Stellar|Yakpung|ivy
21254,Stage 1,2019-03-03 13:35:00,HZS,GLA,regular,20960,1,nepal,2,1,BEBE|Bazzi|GodsB|Guxue|Ria|iDK,BigG00se|Decay|Hydration|Shaz|Void|rOar,Adora|BEBE|Bazzi|GodsB|Guxue|Krystal|NoSmite|Revenge|Ria|iDK,BigG00se|Bischu|Decay|Hydration|Panker|Ripa|Shaz|Surefour|Void|rOar
21254,Stage 1,2019-03-03 13:35:00,HZS,GLA,regular,21001,2,hollywood,2,3,BEBE|Bazzi|GodsB|Guxue|Ria|iDK,BigG00se|Decay|Hydration|Shaz|Void|rOar,Adora|BEBE|Bazzi|GodsB|Guxue|Krystal|NoSmite|Revenge|Ria|iDK,BigG00se|Bischu|Decay|Hydration|Panker|Ripa|Shaz|Surefour|Void|rOar
21254,Stage 1,2019-03-03 13:35:00,HZS,GLA,regular,21002,3,volskaya,3,2,BEBE|Bazzi|GodsB|Guxue|Ria|iDK,BigG00se|Decay|Hydration|Shaz|Void|rOar,Adora|BEBE|Bazzi|GodsB|Guxue|Krystal|NoSmite|Revenge|Ria|iDK,BigG00se|Bischu|Decay|Hydration|Panker|Ripa|Shaz|Surefour|Void|rOar
21254,Stage 1,2019-03-03 13:35:00,HZS,GLA,regular,20899,4,route-66,1,0,BEBE|Bazzi|GodsB|Guxue|Ria|iDK,BigG00se|Decay|Hydration|Shaz|Void|rOar,Adora|BEBE|Bazzi|GodsB|Guxue|Krystal|NoSmite|Revenge|Ria|iDK,BigG00se|Bischu|Decay|Hydration|Panker|Ripa|Shaz|Surefour|Void|rOar
21225,Stage 1,2019-03-03 15:25:00,VAL,GZC,regular,20862,1,ilios,0,2,Agilities|Fate|IZaYaKI|KariV|KuKi|SPACE,Chara|Eileen|HOTBA|Happy|Rio|shu,Agilities|Bunny|Custa|Fate|IZaYaKI|KSF|KariV|KuKi|SPACE,Chara|Eileen|HOTBA|Happy|Kyb|Onlywish|Rio|Rise|nero|shu
21225,Stage 1,2019-03-03 15:25:00,VAL,GZC,regular,20863,2,kings-row,4,5,Agilities|Fate|IZaYaKI|KariV|KuKi|SPACE,Chara|HOTBA|Happy|Kyb|Rio|shu,Agilities|Bunny|Custa|Fate|IZaYaKI|KSF|KariV|KuKi|SPACE,Chara|Eileen|HOTBA|Happy|Kyb|Onlywish|Rio|Rise|nero|shu
21225,Stage 1,2019-03-03 15:25:00,VAL,GZC,regular,20864,3,horizon-lunar-colony,1,2,Agilities|Fate|IZaYaKI|KariV|KuKi|SPACE,Chara|HOTBA|Happy|Kyb|Rio|shu,Agilities|Bunny|Custa|Fate|IZaYaKI|KSF|KariV|KuKi|SPACE,Chara|Eileen|HOTBA|Happy|Kyb|Onlywish|Rio|Rise|nero|shu
21225,Stage 1,2019-03-03 15:25:00,VAL,GZC,regular,20833,4,,3,2,Agilities|Fate|IZaYaKI|KariV|KuKi|SPACE,Chara|HOTBA|Happy|Kyb|Rio|shu,Agilities|Bunny|Custa|Fate|IZaYaKI|KSF|KariV|KuKi|SPACE,Chara|Eileen|HOTBA|Happy|Kyb|Onlywish|Rio|Rise|nero|shu
21264,Stage 1,2019-03-03 16:55:00,NYE,SEO,regular,20787,1,ilios,2,0,Anamo|JJONAK|Libero|Mano|MekO|Nenne,Fissure|Fleta|Jecse|Michelle|Munchkin|ryujehong,Anamo|ArK|Fl0w3R|JJONAK|Libero|Mano|MekO|Nenne|Pine|Saebyeolbe,FITS|Fissure|Fleta|Jecse|Marve1|Michelle|Munchkin|ZUNBA|ryujehong|tobi
21264,Stage 1,2019-03-03 16:55:00,NYE,SEO,regular,20788,2,numbani,0,1,Anamo|JJONAK|Libero|Mano|MekO|Nenne,Fissure|Fleta|Jecse|Michelle|Munchkin|ryujehong,Anamo|ArK|Fl0w3R|JJONAK|Libero|Mano|MekO|Nenne|Pine|Saebyeolbe,FITS|Fissure|Fleta|Jecse|Marve1|Michelle|Munchkin|ZUNBA|ryujehong|tobi
21264,Stage 1,2019-03-03 16:55:00,NYE,SEO,regular,20789,3,volskaya,1,0,Anamo|JJONAK|Libero|Mano|MekO|Nenne,Fissure|Fleta|Jecse|Michelle|Munchkin|ryujehong,Anamo|ArK|Fl0w3R|JJONAK|Libero|Mano|MekO|Nenne|Pine|Saebyeolbe,FITS|Fissure|Fleta|Jecse|Marve1|Michelle|Munchkin|ZUNBA|ryujehong|tobi
21264,Stage 1,2019-03-03 16:55:00,NYE,SEO,regular,20790,4,dorado,3,0,Anamo|JJONAK|Libero|Mano|MekO|Nenne,Fissure|Fleta|Jecse|Michelle|Munchkin|ryujehong,Anamo|ArK|Fl0w3R|JJONAK|Libero|Mano|MekO|Nenne|Pine|Saebyeolbe,FITS|Fissure|Fleta|Jecse|Marve1|Michelle|Munchkin|ZUNBA|ryujehong|tobi
21292,Stage 1,2019-03-07 17:30:00,ATL,GLA,regular,20865,1,,0,2,Daco|Dogman|Erster|Masaa|Pokpo|dafran,BigG00se|Decay|Hydration|Shaz|Void|rOar,Daco|Dogman|Erster|Gator|Kodak|Masaa|NLaaeR|Pokpo|dafran,BigG00se|Bischu|Decay|Hydration|Panker|Ripa|Shaz|Surefour|Void|rOar
21292,Stage 1,2019-03-07 17:30:00,ATL,GLA,regular,20866,2,kings-row,3,4,Daco|Erster|Kodak|Masaa|Pokpo|dafran,BigG00se|Decay|Hydration|Shaz|Void|rOar,Daco|Dogman|Erster|Gator|Kodak|Masaa|NLaaeR|Pokpo|dafran,BigG00se|Bischu|Decay|Hydration|Panker|Ripa|Shaz|Surefour|Void|rOar
21292,Stage 1,2019-03-07 17:30:00,ATL,GLA,regular,20867,3,temple-of-anubis,1,2,Daco|Dogman|Erster|Masaa|NLaaeR|Pokpo,BigG00se|Decay|Hydration|Shaz|Void|rOar,Daco|Dogman|Erster|Gator|Kodak|Masaa|NLaaeR|Pokpo|dafran,BigG00se|Bischu|Decay|Hydration|Panker|Ripa|Shaz|Surefour|Void|rOar
21292,Stage 1,2019-03-07 17:30:00,ATL,GLA,regular,20868,4,,0,3,Daco|Dogman|Erster|Masaa|Pokpo|dafran,BigG00se|Decay|Hydration|Shaz|Void|rOar,Daco|Dogman|Erster|Gator|Kodak|Masaa|NLaaeR|Pokpo|dafran,BigG00se|Bischu|Decay|Hydration|Panker|Ripa|Shaz|Surefour|Void|rOar
21246,Stage 1,2019-03-07 19:00:00,VAL,PHI,regular,20901,1,nepal,0,2,Agilities|Fate|IZaYaKI|KariV|KuKi|SPACE,Boombox|Poko|Sado|carpe|eqo|neptuNo,Agilities|Bunny|Custa|Fate|IZaYaKI|KSF|KariV|KuKi|SPACE,Boombox|Elk|Poko|Sado|carpe|eqo|fragi|neptuNo|snillo
21246,Stage 1,2019-03-07 19:00:00,VAL,PHI,regular,20902,2,numbani,2,3,Agilities|Fate|IZaYaKI|KariV|KuKi|SPACE,Boombox|Poko|Sado|carpe|eqo|neptuNo,Agilities|Bunny|Custa|Fate|IZaYaKI|KSF|KariV|KuKi|SPACE,Boombox|Elk|Poko|Sado|carpe|eqo|fragi|neptuNo|snillo
21246,Stage 1,2019-03-07 19:00:00,VAL,PHI,regular,20903,3,temple-of-anubis,2,1,Agilities|Fate|IZaYaKI|KariV|KuKi|SPACE,Boombox|Poko|Sado|carpe|eqo|neptuNo,Agilities|Bunny|Custa|Fate|IZaYaKI|KSF|KariV|KuKi|SPACE,Boombox|Elk|Poko|Sado|carpe|eqo|fragi|neptuNo|snillo
21246,Stage 1,2019-03-07 19:00:00,VAL,PHI,regular,20897,4,route-66,3,0,Agilities|Fate|IZaYaKI|KariV|KuKi|SPACE,Boombox|Poko|Sado|carpe|eqo|neptuNo,Agilities|Bunny|Custa|Fate|IZaYaKI|KSF|KariV|KuKi|SPACE,Boombox|Elk|Poko|Sado|carpe|eqo|fragi|neptuNo|snillo
21246,Stage 1,2019-03-07 19:00:00,VAL,PHI,regular,22368,5,,1,2,Agilities|Fate|IZaYaKI|KariV|KuKi|SPACE,Boombox|Poko|Sado|carpe|eqo|neptuNo,Agilities|Bunny|Custa|Fate|IZaYaKI|KSF|KariV|KuKi|SPACE,Boombox|Elk|Poko|Sado|carpe|eqo|fragi|neptuNo|snillo
21283,Stage 1,2019-03-07 20:40:00,TOR,CDH,regular,20904,1,ilios,2,1,Envy|Neko|RoKy|Stellar|Yakpung|ivy,Elsa|JinMu|Kyo|Yveltal|ameng|lateyoung,Aid|Asher|Envy|Neko|RoKy|Stellar|Yakpung|ivy,Baconjack|Elsa|GARRY|JIQIREN|JinMu|Kyo|YangXiaoLong|Yveltal|ameng|lateyoung
21283,Stage 1,2019-03-07 20:40:00,TOR,CDH,regular,20905,2,kings-row,1,0,Envy|Neko|RoKy|Stellar|Yakpung|ivy,Elsa|JinMu|Kyo|Yveltal|ameng|lateyoung,Aid|Asher|Envy|Neko|RoKy|Stellar|Yakpung|ivy,Baconjack|Elsa|GARRY|JIQIREN|JinMu|Kyo|YangXiaoLong|Yveltal|ameng|lateyoung
21283,Stage 1,2019-03-07 20:40:00,TOR,CDH,regular,20852,3,volskaya,2,3,Envy|Neko|RoKy|Stellar|Yakpung|ivy,Baconjack|Elsa|JinMu|Kyo|Yveltal|ameng,Aid|Asher|Envy|Neko|RoKy|Stellar|Yakpung|ivy,Baconjack|Elsa|GARRY|JIQIREN|JinMu|Kyo|YangXiaoLong|Yveltal|ameng|lateyoung
21283,Stage 1,2019-03-07 20:40:00,TOR,CDH,regular,20853,4,route-66,3,2,Envy|Neko|RoKy|Stellar|Yakpung|ivy,Baconjack|Elsa|JinMu|Kyo|Yveltal|ameng,Aid|Asher|Envy|Neko|RoKy|Stellar|Yakpung|ivy,Baconjack|Elsa|GARRY|JIQIREN|JinMu|Kyo|YangXiaoLong|Yveltal|ameng|lateyoung
21303,Stage 1,2019-03-08 17:30:00,PAR,VAN,regular,20815,1,ilios,1,2,BenBest|Finnsi|HyP|Kruise|NiCOgdh|SoOn,BUMPER|Haksal|JJANU|SLIME|SeoMinSoo|Twilight,BenBest|Finnsi|Greyy|HyP|Kruise|LhCloudy|NiCOgdh|ShaDowBurn|SoOn|danye,BUMPER|Haksal|Hooreg|JJANU|RAPEL|SLIME|SeoMinSoo|Stitch|Twilight
21303,Stage 1,2019-03-08 17:30:00,PAR,VAN,regular,20816,2,numbani,2,3,BenBest|Finnsi|HyP|Kruise|NiCOgdh|ShaDowBurn,BUMPER|Haksal|JJANU|SLIME|SeoMinSoo|Twilight,BenBest|Finnsi|Greyy|HyP|Kruise|LhCloudy|NiCOgdh|ShaDowBurn|SoOn|danye,BUMPER|Haksal|Hooreg|JJANU|RAPEL|SLIME|SeoMinSoo|Stitch|Twilight
21303,Stage 1,2019-03-08 17:30:00,PAR,VAN,regular,20817,3,horizon-lunar-colony,1,2,BenBest|Finnsi|HyP|Kruise|NiCOgdh|ShaDowBurn,BUMPER|Haksal|JJANU|SLIME|SeoMinSoo|Twilight,BenBest|Finnsi|Greyy|HyP|Kruise|LhCloudy|NiCOgdh|ShaDowBurn|SoOn|danye,BUMPER|Haksal|Hooreg|JJANU|RAPEL|SLIME|SeoMinSoo|Stitch|Twilight
21303,Stage 1,2019-03-08 17:30:00,PAR,VAN,regular,20818,4,,2,3,BenBest|Finnsi|HyP|Kruise|NiCOgdh|ShaDowBurn,BUMPER|Haksal|JJANU|RAPEL|SLIME|SeoMinSoo,BenBest|Finnsi|Greyy|HyP|Kruise|LhCloudy|NiCOgdh|ShaDowBurn|SoOn|danye,BUMPER|Haksal|Hooreg|JJANU|RAPEL|SLIME|SeoMinSoo|Stitch|Twilight
21255,Stage 1,2019-03-08 19:15:00,NYE,SFS,regular,20872,1,,2,1,Anamo|JJONAK|Libero|Mano|MekO|Nenne,Choihyobin|Rascal|Viol2t|moth|sinatraa|super,Anamo|ArK|Fl0w3R|JJONAK|Libero|Mano|MekO|Nenne|Pine|Saebyeolbe,Architect|Choihyobin|Nevix|Rascal|STRIKER|Smurf|Viol2t|babybay|moth|sinatraa|sleepy|super
21255,Stage 1,2019-03-08 19:15:00,NYE,SFS,regular,20873,2,numbani,5,4,Anamo|JJONAK|Libero|Mano|MekO|Nenne,Choihyobin|Rascal|Viol2t|moth|sinatraa|super,Anamo|ArK|Fl0w3R|JJONAK|Libero|Mano|MekO|Nenne|Pine|Saebyeolbe,Architect|Choihyobin|Nevix|Rascal|STRIKER|Smurf|Viol2t|babybay|moth|sinatraa|sleepy|super
21255,Stage 1,2019-03-08 19:15:00,NYE,SFS,regular,20874,3,volskaya,6,5,Anamo|JJONAK|Libero|Mano|MekO|Nenne,Choihyobin|Rascal|Viol2t|moth|sinatraa|super,Anamo|ArK|Fl0w3R|JJONAK|Libero|Mano|MekO|Nenne|Pine|Saebyeolbe,Architect|Choihyobin|Nevix|Rascal|STRIKER|Smurf|Viol2t|babybay|moth|sinatraa|sleepy|super
21255,Stage 1,2019-03-08 19:15:00,NYE,SFS,regular,20875,4,dorado,2,1,Anamo|JJONAK|Libero|Mano|MekO|Nenne,Choihyobin|Rascal|Viol2t|moth|sinatraa|super,Anamo|ArK|Fl0w3R|JJONAK|Libero|Mano|MekO|Nenne|Pine|Saebyeolbe,Architect|Choihyobin|Nevix|Rascal|STRIKER|Smurf|Viol2t|babybay|moth|sinatraa|sleepy|super
21226,Stage 1,2019-03-08 21:10:00,DAL,SHD,regular,20854,1,nepal,2,1,Closer|OGE|ZachaREEE|aKm|rCk|uNKOE,CoMa|Gamsu|Geguri|Luffy|YOUNGJIN|diem,Closer|EFFECT|HarryHook|Mickie|OGE|Taimou|ZachaREEE|aKm|rCk|uNKOE,CoMa|DDing|Diya|FEARLESS|Gamsu|Geguri|GuardiaN|Luffy|YOUNGJIN|diem
21226,Stage 1,2019-03-08 21:10:00,DAL,SHD,regular,20855,2,hollywood,3,2,Closer|OGE|ZachaREEE|aKm|rCk|uNKOE,CoMa|DDing|Gamsu|Luffy|YOUNGJIN|diem,Closer|EFFECT|HarryHook|Mickie|OGE|Taimou|ZachaREEE|aKm|rCk|uNKOE,CoMa|DDing|Diya|FEARLESS|Gamsu|Geguri|GuardiaN|Luffy|YOUNGJIN|diem
21226,Stage 1,2019-03-08 21:10:00,DAL,SHD,regular,20856,3,temple-of-anubis,3,2,Closer|OGE|ZachaREEE|aKm|rCk|uNKOE,CoMa|Gamsu|GuardiaN|Luffy|YOUNGJIN|diem,Closer|EFFECT|HarryHook|Mickie|OGE|Taimou|ZachaREEE|aKm|rCk|uNKOE,CoMa|DDing|Diya|FEARLESS|Gamsu|Geguri|GuardiaN|Luffy|YOUNGJIN|diem
21226,Stage 1,2019-03-08 21:10:00,DAL,SHD,regular,20869,4,route-66,5,4,Closer|OGE|ZachaREEE|aKm|rCk|uNKOE,CoMa|DDing|Gamsu|Luffy|YOUNGJIN|diem,Closer|EFFECT|HarryHook|Mickie|OGE|Taimou|ZachaREEE|aKm|rCk|uNKOE,CoMa|DDing|Diya|FEARLESS|Gamsu|Geguri|GuardiaN|Luffy|YOUNGJIN|diem
21216,Stage 1,2019-03-09 12:00:00,VAL,HOU,regular,20776,1,,1,2,Agilities|Fate|IZaYaKI|KariV|KuKi|SPACE,Boink|Danteh|Jake|LiNkzr|Muma|Rawkus,Agilities|Bunny|Custa|Fate|IZaYaKI|KSF|KariV|KuKi|SPACE,ArHaN|Bani|Boink|Danteh|Jake|LiNkzr|Muma|Rawkus|SPREE|coolmatt
21216,Stage 1,2019-03-09 12:00:00,VAL,HOU,regular,20777,2,numbani,3,2,Agilities|Fate|IZaYaKI|KariV|KuKi|SPACE,Boink|Jake|Muma|Rawkus|SPREE|coolmatt,Agilities|Bunny|Custa|Fate|IZaYaKI|KSF|KariV|KuKi|SPACE,ArHaN|Bani|Boink|Danteh|Jake|LiNkzr|Muma|Rawkus|SPREE|coolmatt
21216,Stage 1,2019-03-09 12:00:00,VAL,HOU,regular,20778,3,volskaya,3,3,Agilities|Fate|IZaYaKI|KariV|KuKi|SPACE,Boink|Danteh|Jake|Muma|Rawkus|SPREE,Agilities|Bunny|Custa|Fate|IZaYaKI|KSF|KariV|KuKi|SPACE,ArHaN|Bani|Boink|Danteh|Jake|LiNkzr|Muma|Rawkus|SPREE|coolmatt
21216,Stage 1,2019-03-09 12:00:00,VAL,HOU,regular,20779,4,route-66,0,2,Agilities|Fate|IZaYaKI|KariV|KuKi|SPACE,Boink|Danteh|Jake|Muma|Rawkus|SPREE,Agilities|Bunny|Custa|Fate|IZaYaKI|KSF|KariV|KuKi|SPACE,ArHaN|Bani|Boink|Danteh|Jake|LiNkzr|Muma|Rawkus|SPREE|coolmatt
21265,Stage 1,2019-03-09 13:45:00,SEO,WAS,regular,20912,1,,2,0,FITS|Fleta|Marve1|ZUNBA|ryujehong|tobi,Ado|Corey|Fahzix|Gido|Janus|Sansam,FITS|Fissure|Fleta|Jecse|Marve1|Michelle|Munchkin|ZUNBA|ryujehong|tobi,Ado|Corey|Fahzix|Gido|Hyeonu|Janus|Sansam|Stratus
21265,Stage 1,2019-03-09 13:45:00,SEO,WAS,regular,20913,2,hollywood,4,3,FITS|Fleta|Marve1|ZUNBA|ryujehong|tobi,Ado|Corey|Fahzix|Janus|Sansam|Stratus,FITS|Fissure|Fleta|Jecse|Marve1|Michelle|Munchkin|ZUNBA|ryujehong|tobi,Ado|Corey|Fahzix|Gido|Hyeonu|Janus|Sansam|Stratus
21265,Stage 1,2019-03-09 13:45:00,SEO,WAS,regular,20914,3,temple-of-anubis,3,2,FITS|Fleta|Marve1|ZUNBA|ryujehong|tobi,Ado|Corey|Fahzix|Gido|Janus|Sansam,FITS|Fissure|Fleta|Jecse|Marve1|Michelle|Munchkin|ZUNBA|ryujehong|tobi,Ado|Corey|Fahzix|Gido|Hyeonu|Janus|Sansam|Stratus
21265,Stage 1,2019-03-09 13:45:00,SEO,WAS,regular,20923,4,dorado,3,4,FITS|Fleta|Marve1|ZUNBA|ryujehong|tobi,Ado|Corey|Fahzix|Gido|Janus|Sansam,FITS|Fissure|Fleta|Jecse|Marve1|Michelle|Munchkin|ZUNBA|ryujehong|tobi,Ado|Corey|Fahzix|Gido|Hyeonu|Janus|Sansam|Stratus
21311,Stage 1,2019-03-09 15:40:00,GZC,GLA,regular,20906,1,nepal,2,0,Chara|Eileen|HOTBA|Happy|Rio|shu,BigG00se|Decay|Hydration|Shaz|Void|rOar,Chara|Eileen|HOTBA|Happy|Kyb|Onlywish|Rio|Rise|nero|shu,BigG00se|Bischu|Decay|Hydration|Panker|Ripa|Shaz|Surefour|Void|rOar
21311,Stage 1,2019-03-09 15:40:00,GZC,GLA,regular,20907,2,kings-row,3,4,Chara|HOTBA|Happy|Kyb|Rio|shu,BigG00se|Decay|Hydration|Shaz|Void|rOar,Chara|Eileen|HOTBA|Happy|Kyb|Onlywish|Rio|Rise|nero|shu,BigG00se|Bischu|Decay|Hydration|Panker|Ripa|Shaz|Surefour|Void|rOar
21311,Stage 1,2019-03-09 15:40:00,GZC,GLA,regular,20908,3,temple-of-anubis,0,2,Chara|HOTBA|Happy|Kyb|Rio|shu,BigG00se|Decay|Hydration|Shaz|Void|rOar,Chara|Eileen|HOTBA|Happy|Kyb|Onlywish|Rio|Rise|nero|shu,BigG00se|Bischu|Decay|Hydration|Panker|Ripa|Shaz|Surefour|Void|rOar
21311,Stage 1,2019-03-09 15:40:00,GZC,GLA,regular,20909,4,,1,2,Chara|HOTBA|Happy|Kyb|Rio|shu,BigG00se|Decay|Hydration|Shaz|Void|rOar,Chara|Eileen|HOTBA|Happy|Kyb|Onlywish|Rio|Rise|nero|shu,BigG00se|Bischu|Decay|Hydration|Panker|Ripa|Shaz|Surefour|Void|rOar
21284,Stage 1,2019-03-09 17:20:00,HZS,TOR,regular,20780,1,nepal,1,2,BEBE|Bazzi|GodsB|Guxue|Ria|iDK,Envy|Neko|RoKy|Stellar|Yakpung|ivy,Adora|BEBE|Bazzi|GodsB|Guxue|Krystal|NoSmite|Revenge|Ria|iDK,Aid|Asher|Envy|Neko|RoKy|Stellar|Yakpung|ivy
21284,Stage 1,2019-03-09 17:20:00,HZS,TOR,regular,20931,2,kings-row,1,3,BEBE|Bazzi|GodsB|Guxue|Ria|iDK,Envy|Neko|RoKy|Stellar|Yakpung|ivy,Adora|BEBE|Bazzi|GodsB|Guxue|Krystal|NoSmite|Revenge|Ria|iDK,Aid|Asher|Envy|Neko|RoKy|Stellar|Yakpung|ivy
21284,Stage 1,2019-03-09 17:20:00,HZS,TOR,regular,20932,3,volskaya,2,2,BEBE|Bazzi|GodsB|Guxue|Ria|iDK,Envy|Neko|RoKy|Stellar|Yakpung|ivy,Adora|BEBE|Bazzi|GodsB|Guxue|Krystal|NoSmite|Revenge|Ria|iDK,Aid|Asher|Envy|Neko|RoKy|Stellar|Yakpung|ivy
21284,Stage 1,2019-03-09 17:20:00,HZS,TOR,regular,20933,4,,3,4,BEBE|Bazzi|GodsB|Guxue|Ria|iDK,Envy|Neko|RoKy|Stellar|Yakpung|ivy,Adora|BEBE|Bazzi|GodsB|Guxue|Krystal|NoSmite|Revenge|Ria|iDK,Aid|Asher|Envy|Neko|RoKy|Stellar|Yakpung|ivy
21236,Stage 1,2019-03-10 12:00:00,PAR,SFS,regular,20926,1,nepal,0,2,BenBest|Finnsi|HyP|Kruise|NiCOgdh|ShaDowBurn,Choihyobin|Rascal|Viol2t|moth|sinatraa|super,BenBest|Finnsi|Greyy|HyP|Kruise|LhCloudy|NiCOgdh|ShaDowBurn|SoOn|danye,Architect|Choihyobin|Nevix|Rascal|STRIKER|Smurf|Viol2t|babybay|moth|sinatraa|sleepy|super
21236,Stage 1,2019-03-10 12:00:00,PAR,SFS,regular,20927,2,hollywood,1,3,BenBest|Finnsi|HyP|Kruise|NiCOgdh|ShaDowBurn,Choihyobin|Rascal|Viol2t|moth|sinatraa|super,BenBest|Finnsi|Greyy|HyP|Kruise|LhCloudy|NiCOgdh|ShaDowBurn|SoOn|danye,Architect|Choihyobin|Nevix|Rascal|STRIKER|Smurf|Viol2t|babybay|moth|sinatraa|sleepy|super
21236,Stage 1,2019-03-10 12:00:00,PAR,SFS,regular,20928,3,horizon-lunar-colony,2,3,BenBest|Finnsi|HyP|Kruise|NiCOgdh|ShaDowBurn,Choihyobin|Rascal|Viol2t|moth|sinatraa|super,BenBest|Finnsi|Greyy|HyP|Kruise|LhCloudy|NiCOgdh|ShaDowBurn|SoOn|danye,Architect|Choihyobin|Nevix|Rascal|STRIKER|Smurf|Viol2t|babybay|moth|sinatraa|sleepy|super
21236,Stage 1,2019-03-10 12:00:00,PAR,SFS,regular,20929,4,dorado,2,0,BenBest|Finnsi|HyP|Kruise|NiCOgdh|ShaDowBurn,Choihyobin|Rascal|Viol2t|moth|sinatraa|super,BenBest|Finnsi|Greyy|HyP|Kruise|LhCloudy|NiCOgdh|ShaDowBurn|SoOn|danye,Architect|Choihyobin|Nevix|Rascal|STRIKER|Smurf|Viol2t|babybay|moth|sinatraa|sleepy|super
21266,Stage 1,2019-03-10 13:30:00,LDN,SHD,regular,20834,1,nepal,2,0,Bdosin|Fury|Gesture|Guard|NUS|Profit,CoMa|Gamsu|Geguri|Luffy|YOUNGJIN|diem,BIRDRING|Bdosin|Fury|Gesture|Guard|Krillin|NUS|Profit,CoMa|DDing|Diya|FEARLESS|Gamsu|Geguri|GuardiaN|Luffy|YOUNGJIN|diem
21266,Stage 1,2019-03-10 13:30:00,LDN,SHD,regular,20835,2,kings-row,0,3,Bdosin|Fury|Gesture|Guard|NUS|Profit,CoMa|DDing|Gamsu|Luffy|YOUNGJIN|diem,BIRDRING|Bdosin|Fury|Gesture|Guard|Krillin|NUS|Profit,CoMa|DDing|Diya|FEARLESS|Gamsu|Geguri|GuardiaN|Luffy|YOUNGJIN|diem
21266,Stage 1,2019-03-10 13:30:00,LDN,SHD,regular,20836,3,temple-of-anubis,1,0,Bdosin|Fury|Gesture|Guard|NUS|Profit,CoMa|Gamsu|GuardiaN|Luffy|YOUNGJIN|diem,BIRDRING|Bdosin|Fury|Gesture|Guard|Krillin|NUS|Profit,CoMa|DDing|Diya|FEARLESS|Gamsu|Geguri|GuardiaN|Luffy|YOUNGJIN|diem
21266,Stage 1,2019-03-10 13:30:00,LDN,SHD,regular,20837,4,route-66,0,3,Bdosin|Fury|Gesture|Guard|NUS|Profit,CoMa|DDing|Gamsu|Luffy|YOUNGJIN|diem,BIRDRING|Bdosin|Fury|Gesture|Guard|Krillin|NUS|Profit,CoMa|DDing|Diya|FEARLESS|Gamsu|Geguri|GuardiaN|Luffy|YOUNGJIN|diem
21266,Stage 1,2019-03-10 13:30:00,LDN,SHD,regular,22405,5,ilios,1,2,Bdosin|Fury|Gesture|Guard|NUS|Profit,CoMa|DDing|Gamsu|Geguri|Luffy|diem,BIRDRING|Bdosin|Fury|Gesture|Guard|Krillin|NUS|Profit,CoMa|DDing|Diya|FEARLESS|Gamsu|Geguri|GuardiaN|Luffy|YOUNGJIN|diem
21312,Stage 1,2019-03-10 15:15:00,FLA,BOS,regular,20870,1,,0,2,Apply|HaGoPeun|Kris|SWoN|bqb|xepheR,AimGod|ColourHex|Fusions|Kellex|NotE|blase,Apply|HaGoPeun|Kris|Mcgravy|SNT|SWoN|TviQ|bqb|sayaplayer|xepheR,AimGod|Axxiom|ColourHex|Fusions|Kellex|NotE|alemao|blase
21312,Stage 1,2019-03-10 15:15:00,FLA,BOS,regular,20941,2,numbani,2,3,Apply|HaGoPeun|Kris|SWoN|bqb|xepheR,AimGod|ColourHex|Fusions|Kellex|NotE|blase,Apply|HaGoPeun|Kris|Mcgravy|SNT|SWoN|TviQ|bqb|sayaplayer|xepheR,AimGod|Axxiom|ColourHex|Fusions|Kellex|NotE|alemao|blase
21312,Stage 1,2019-03-10 15:15:00,FLA,BOS,regular,20942,3,horizon-lunar-colony,4,5,Apply|HaGoPeun|Kris|SWoN|bqb|xepheR,AimGod|ColourHex|Fusions|Kellex|NotE|blase,Apply|HaGoPeun|Kris|Mcgravy|SNT|SWoN|TviQ|bqb|sayaplayer|xepheR,AimGod|Axxiom|ColourHex|Fusions|Kellex|NotE|alemao|blase
21312,Stage 1,2019-03-10 15:15:00,FLA,BOS,regular,20943,4,dorado,2,3,Apply|HaGoPeun|Kris|SWoN|bqb|xepheR,AimGod|ColourHex|Fusions|Kellex|NotE|blase,Apply|HaGoPeun|Kris|Mcgravy|SNT|SWoN|TviQ|bqb|sayaplayer|xepheR,AimGod|Axxiom|ColourHex|Fusions|Kellex|NotE|alemao|blase
21274,Stage 1,2019-03-10 17:00:00,VAN,CDH,regular,20930,1,ilios,2,0,BUMPER|Haksal|JJANU|SLIME|SeoMinSoo|Twilight,Elsa|JinMu|Kyo|Yveltal|ameng|lateyoung,BUMPER|Haksal|Hooreg|JJANU|RAPEL|SLIME|SeoMinSoo|Stitch|Twilight,Baconjack|Elsa|GARRY|JIQIREN|JinMu|Kyo|YangXiaoLong|Yveltal|ameng|lateyoung
21274,Stage 1,2019-03-10 17:00:00,VAN,CDH,regular,20951,2,hollywood,1,2,BUMPER|Haksal|JJANU|SLIME|SeoMinSoo|Twilight,Baconjack|Elsa|JinMu|Kyo|Yveltal|ameng,BUMPER|Haksal|Hooreg|JJANU|RAPEL|SLIME|SeoMinSoo|Stitch|Twilight,Baconjack|Elsa|GARRY|JIQIREN|JinMu|Kyo|YangXiaoLong|Yveltal|ameng|lateyoung
21274,Stage 1,2019-03-10 17:00:00,VAN,CDH,regular,20952,3,temple-of-anubis,1,2,BUMPER|Haksal|JJANU|SLIME|SeoMinSoo|Twilight,Baconjack|Elsa|JinMu|Kyo|Yveltal|ameng,BUMPER|Haksal|Hooreg|JJANU|RAPEL|SLIME|SeoMinSoo|Stitch|Twilight,Baconjack|Elsa|GARRY|JIQIREN|JinMu|Kyo|YangXiaoLong|Yveltal|ameng|lateyoung
21274,Stage 1,2019-03-10 17:00:00,VAN,CDH,regular,20953,4,route-66,3,2,BUMPER|Haksal|JJANU|SLIME|SeoMinSoo|Twilight,Baconjack|Elsa|JinMu|Kyo|Yveltal|ameng,BUMPER|Haksal|Hooreg|JJANU|RAPEL|SLIME|SeoMinSoo|Stitch|Twilight,Baconjack|Elsa|GARRY|JIQIREN|JinMu|Kyo|YangXiaoLong|Yveltal|ameng|lateyoung
21274,Stage 1,2019-03-10 17:00:00,VAN,CDH,regular,22422,5,nepal,2,0,BUMPER|Haksal|JJANU|SLIME|SeoMinSoo|Twilight,Elsa|JinMu|Kyo|Yveltal|ameng|lateyoung,BUMPER|Haksal|Hooreg|JJANU|RAPEL|SLIME|SeoMinSoo|Stitch|Twilight,Baconjack|Elsa|GARRY|JIQIREN|JinMu|Kyo|YangXiaoLong|Yveltal|ameng|lateyoung
21227,Stage 1,2019-03-16 12:00:00,WAS,PAR,regular,20915,1,,0,2,Ado|Corey|Fahzix|Janus|Sansam|Stratus,BenBest|Finnsi|HyP|Kruise|NiCOgdh|SoOn,Ado|Corey|Fahzix|Gido|Hyeonu|Janus|Sansam|Stratus,BenBest|Finnsi|Greyy|HyP|Kruise|LhCloudy|NiCOgdh|ShaDowBurn|SoOn|danye
21227,Stage 1,2019-03-16 12:00:00,WAS,PAR,regular,20916,2,kings-row,3,3,Ado|Corey|Fahzix|Gido|Janus|Sansam,BenBest|Finnsi|HyP|Kruise|NiCOgdh|SoOn,Ado|Corey|Fahzix|Gido|Hyeonu|Janus|Sansam|Stratus,BenBest|Finnsi|Greyy|HyP|Kruise|LhCloudy|NiCOgdh|ShaDowBurn|SoOn|danye
21227,Stage 1,2019-03-16 12:00:00,WAS,PAR,regular,20917,3,volskaya,3,2,Ado|Corey|Fahzix|Gido|Janus|Sansam,BenBest|Finnsi|HyP|Kruise|NiCOgdh|SoOn,Ado|Corey|Fahzix|Gido|Hyeonu|Janus|Sansam|Stratus,BenBest|Finnsi|Greyy|HyP|Kruise|LhCloudy|NiCOgdh|ShaDowBurn|SoOn|danye
21227,Stage 1,2019-03-16 12:00:00,WAS,PAR,regular,20918,4,dorado,2,3,Ado|Corey|Fahzix|Gido|Janus|Sansam,BenBest|Finnsi|HyP|Kruise|NiCOgdh|ShaDowBurn,Ado|Corey|Fahzix|Gido|Hyeonu|Janus|Sansam|Stratus,BenBest|Finnsi|Greyy|HyP|Kruise|LhCloudy|NiCOgdh|ShaDowBurn|SoOn|danye
21217,Stage 1,2019-03-16 13:30:00,LDN,SEO,regular,,,,,,,,BIRDRING|Bdosin|Fury|Gesture|Guard|Krillin|NUS|Profit,FITS|Fissure|Fleta|Jecse|Marve1|Michelle|Munchkin|ZUNBA|ryujehong|tobi
21267,Stage 1,2019-03-16 15:00:00,BOS,DAL,regular,,,,,,,,AimGod|Axxiom|ColourHex|Fusions|Kellex|NotE|alemao|blase,Closer|EFFECT|HarryHook|Mickie|OGE|Taimou|ZachaREEE|aKm|rCk|uNKOE
21304,Stage 1,2019-03-16 16:30:00,ATL,CDH,regular,,,,,,,,Daco|Dogman|Erster|Gator|Kodak|Masaa|NLaaeR|Pokpo|dafran,Baconjack|Elsa|GARRY|JIQIREN|JinMu|Kyo|YangXiaoLong|Yveltal|ameng|lateyoung
21256,Stage 1,2019-03-17 12:00:00,PHI,PAR,regular,,,,,,,,Boombox|Elk|Poko|Sado|carpe|eqo|fragi|neptuNo|snillo,BenBest|Finnsi|Greyy|HyP|Kruise|LhCloudy|NiCOgdh|ShaDowBurn|SoOn|danye
21228,Stage 1,2019-03-17 13:30:00,WAS,FLA,regular,,,,,,,,Ado|Corey|Fahzix|Gido|Hyeonu|Janus|Sansam|Stratus,Apply|HaGoPeun|Kris|Mcgravy|SNT|SWoN|TviQ|bqb|sayaplayer|xepheR
21218,Stage 1,2019-03-17 15:00:00,HOU,ATL,regular,,,,,,,,ArHaN|Bani|Boink|Danteh|Jake|LiNkzr|Muma|Rawkus|SPREE|coolmatt,Daco|Dogman|Erster|Gator|Kodak|Masaa|NLaaeR|Pokpo|dafran
21268,Stage 1,2019-03-17 16:30:00,GZC,VAN,regular,,,,,,,,Chara|Eileen|HOTBA|Happy|Kyb|Onlywish|Rio|Rise|nero|shu,BUMPER|Haksal|Hooreg|JJANU|RAPEL|SLIME|SeoMinSoo|Stitch|Twilight
21313,Stage 2,2019-04-04 16:00:00,PHI,NYE,regular,,,,,,,,,
21293,Stage 2,2019-04-04 17:30:00,BOS,ATL,regular,,,,,,,,,
21219,Stage 2,2019-04-04 19:00:00,SHD,GLA,regular,,,,,,,,,
21294,Stage 2,2019-04-04 20:30:00,GZC,PAR,regular,,,,,,,,,
21237,Stage 2,2019-04-05 16:00:00,LDN,FLA,regular,,,,,,,,,
21275,Stage 2,2019-04-05 17:30:00,WAS,TOR,regular,,,,,,,,,
21238,Stage 2,2019-04-05 19:00:00,VAL,SFS,regular,,,,,,,,,
21321,Stage 2,2019-04-05 20:30:00,GLA,SEO,regular,,,,,,,,,
21247,Stage 2,2019-04-06 12:00:00,FLA,PHI,regular,,,,,,,,,
21305,Stage 2,2019-04-06 13:30:00,TOR,BOS,regular,,,,,,,,,
21229,Stage 2,2019-04-06 15:00:00,NYE,SHD,regular,,,,,,,,,
21220,Stage 2,2019-04-06 16:30:00,CDH,PAR,regular,,,,,,,,,
21269,Stage 2,2019-04-07 12:00:00,SFS,GZC,regular,,,,,,,,,
21276,Stage 2,2019-04-07 13:30:00,ATL,LDN,regular,,,,,,,,,
21295,Stage 2,2019-04-07 15:00:00,VAN,HZS,regular,,,,,,,,,
21239,Stage 2,2019-04-07 16:30:00,WAS,CDH,regular,,,,,,,,,
21257,Stage 2,2019-04-11 16:00:00,PAR,FLA,regular,,,,,,,,,
21230,Stage 2,2019-04-11 17:30:00,NYE,WAS,regular,,,,,,,,,
21248,Stage 2,2019-04-11 19:00:00,VAN,SEO,regular,,,,,,,,,
21277,Stage 2,2019-04-11 20:30:00,TOR,PHI,regular,,,,,,,,,
21296,Stage 2,2019-04-12 16:00:00,VAL,ATL,regular,,,,,,,,,
21322,Stage 2,2019-04-12 17:30:00,BOS,HZS,regular,,,,,,,,,
21331,Stage 2,2019-04-12 19:00:00,GZC,SFS,regular,,,,,,,,,
21258,Stage 2,2019-04-12 20:30:00,CDH,SHD,regular,,,,,,,,,
21332,Stage 2,2019-04-13 12:00:00,LDN,PHI,regular,,,,,,,,,
21341,Stage 2,2019-04-13 13:30:00,VAN,HOU,regular,,,,,,,,,
21270,Stage 2,2019-04-13 15:00:00,DAL,TOR,regular,,,,,,,,,
21278,Stage 2,2019-04-13 16:30:00,GLA,GZC,regular,,,,,,,,,
21297,Stage 2,2019-04-14 12:00:00,DAL,PAR,regular,,,,,,,,,
21240,Stage 2,2019-04-14 13:30:00,ATL,WAS,regular,,,,,,,,,
21323,Stage 2,2019-04-14 15:00:00,NYE,FLA,regular,,,,,,,,,
21249,Stage 2,2019-04-14 16:30:00,VAL,GLA,regular,,,,,,,,,
21285,Stage 2,2019-04-18 16:00:00,NYE,PHI,regular,,,,,,,,,
21306,Stage 2,2019-04-18 17:30:00,SFS,TOR,regular,,,,,,,,,
21259,Stage 2,2019-04-18 19:00:00,FLA,GLA,regular,,,,,,,,,
21286,Stage 2,2019-04-18 20:30:00,VAN,DAL,regular,,,,,,,,,
21324,Stage 2,2019-04-19 16:00:00,NYE,ATL,regular,,,,,,,,,
21250,Stage 2,2019-04-19 17:30:00,PHI,HOU,regular,,,,,,,,,
21287,Stage 2,2019-04-19 19:00:00,VAL,WAS,regular,,,,,,,,,
21260,Stage 2,2019-04-19 20:30:00,HZS,GZC,regular,,,,,,,,,
21342,Stage 2,2019-04-20 12:00:00,LDN,BOS,regular,,,,,,,,,
21279,Stage 2,2019-04-20 13:30:00,SHD,FLA,regular,,,,,,,,,
21325,Stage 2,2019-04-20 15:00:00,DAL,SEO,regular,,,,,,,,,
21333,Stage 2,2019-04-20 16:30:00,GLA,CDH,regular,,,,,,,,,
21288,Stage 2,2019-04-21 12:00:00,VAN,BOS,regular,,,,,,,,,
21280,Stage 2,2019-04-21 13:30:00,HOU,SHD,regular,,,,,,,,,
21351,Stage 2,2019-04-21 15:00:00,HZS,SFS,regular,,,,,,,,,
21343,Stage 2,2019-04-21 16:30:00,ATL,GZC,regular,,,,,,,,,
21352,Stage 2,2019-04-27 00:00:00,PAR,LDN,regular,,,,,,,,,
21344,Stage 2,2019-04-27 00:00:00,HZS,CDH,regular,,,,,,,,,
21334,Stage 2,2019-04-27 00:00:00,HOU,SEO,regular,,,,,,,,,
21345,Stage 2,2019-04-27 00:00:00,VAL,DAL,regular,,,,,,,,,
21361,Stage 2,2019-04-28 00:00:00,HZS,PAR,regular,,,,,,,,,
21289,Stage 2,2019-04-28 00:00:00,CDH,LDN,regular,,,,,,,,,
21362,Stage 2,2019-04-28 00:00:00,SEO,VAL,regular,,,,,,,,,
21314,Stage 2,2019-04-28 00:00:00,HOU,DAL,regular,,,,,,,,,
21371,Stage 2,2019-05-02 17:30:00,DAL,FLA,regular,,,,,,,,,
21298,Stage 2,2019-05-02 19:00:00,PHI,SFS,regular,,,,,,,,,
21381,Stage 2,2019-05-02 20:30:00,GZC,HOU,regular,,,,,,,,,
21353,Stage 2,2019-05-03 17:30:00,BOS,GLA,regular,,,,,,,,,
21335,Stage 2,2019-05-03 19:00:00,TOR,VAN,regular,,,,,,,,,
21346,Stage 2,2019-05-03 20:30:00,SHD,WAS,regular,,,,,,,,,
21347,Stage 2,2019-05-04 12:00:00,LDN,HOU,regular,,,,,,,,,
21363,Stage 2,2019-05-04 13:30:00,ATL,NYE,regular,,,,,,,,,
21315,Stage 2,2019-05-04 15:00:00,SEO,VAN,regular,,,,,,,,,
21372,Stage 2,2019-05-04 16:30:00,CDH,VAL,regular,,,,,,,,,
21299,Stage 2,2019-05-05 12:00:00,TOR,PAR,regular,,,,,,,,,
21364,Stage 2,2019-05-05 13:30:00,WAS,BOS,regular,,,,,,,,,
21316,Stage 2,2019-05-05 15:00:00,SHD,SFS,regular,,,,,,,,,
21373,Stage 2,2019-05-05 16:30:00,SEO,HZS,regular,,,,,,,,,
21300,Stage 3,2019-06-06 16:00:00,SFS,ATL,regular,,,,,,,,,
21348,Stage 3,2019-06-06 17:30:00,FLA,SEO,regular,,,,,,,,,
21365,Stage 3,2019-06-06 19:00:00,GZC,CDH,regular,,,,,,,,,
21374,Stage 3,2019-06-06 20:30:00,VAL,SHD,regular,,,,,,,,,
21391,Stage 3,2019-06-07 16:00:00,PAR,TOR,regular,,,,,,,,,
21382,Stage 3,2019-06-07 17:30:00,BOS,LDN,regular,,,,,,,,,
21354,Stage 3,2019-06-07 19:00:00,HOU,NYE,regular,,,,,,,,,
21336,Stage 3,2019-06-07 20:30:00,GLA,DAL,regular,,,,,,,,,
21349,Stage 3,2019-06-08 12:00:00,HZS,PHI,regular,,,,,,,,,
21366,Stage 3,2019-06-08 13:30:00,VAN,ATL,regular,,,,,,,,,
21317,Stage 3,2019-06-08 15:00:00,SEO,GZC,regular,,,,,,,,,
21375,Stage 3,2019-06-08 16:30:00,VAL,CDH,regular,,,,,,,,,
21350,Stage 3,2019-06-09 12:00:00,NYE,LDN,regular,,,,,,,,,
21367,Stage 3,2019-06-09 13:30:00,PAR,BOS,regular,,,,,,,,,
21318,Stage 3,2019-06-09 15:00:00,WAS,DAL,regular,,,,,,,,,
21376,Stage 3,2019-06-09 16:30:00,VAN,GLA,regular,,,,,,,,,
21392,Stage 3,2019-06-13 16:00:00,HOU,SFS,regular,,,,,,,,,
21383,Stage 3,2019-06-13 17:30:00,SHD,ATL,regular,,,,,,,,,
21326,Stage 3,2019-06-13 19:00:00,DAL,CDH,regular,,,,,,,,,
21401,Stage 3,2019-06-13 20:30:00,HZS,VAN,regular,,,,,,,,,
21290,Stage 3,2019-06-14 16:00:00,PAR,NYE,regular,,,,,,,,,
21319,Stage 3,2019-06-14 17:30:00,TOR,LDN,regular,,,,,,,,,
21377,Stage 3,2019-06-14 19:00:00,BOS,HOU,regular,,,,,,,,,
21393,Stage 3,2019-06-14 20:30:00,GLA,PHI,regular,,,,,,,,,
21384,Stage 3,2019-06-15 12:00:00,WAS,HZS,regular,,,,,,,,,
21327,Stage 3,2019-06-15 13:30:00,SFS,SEO,regular,,,,,,,,,
21402,Stage 3,2019-06-15 15:00:00,DAL,VAN,regular,,,,,,,,,
21411,Stage 3,2019-06-15 16:30:00,GZC,VAL,regular,,,,,,,,,
21307,Stage 3,2019-06-16 12:00:00,FLA,PAR,regular,,,,,,,,,
21355,Stage 3,2019-06-16 13:30:00,SEO,ATL,regular,,,,,,,,,
21337,Stage 3,2019-06-16 15:00:00,PHI,BOS,regular,,,,,,,,,
21368,Stage 3,2019-06-16 16:30:00,WAS,GLA,regular,,,,,,,,,
21378,Stage 3,2019-06-20 16:00:00,SFS,BOS,regular,,,,,,,,,
21394,Stage 3,2019-06-20 17:30:00,PAR,HOU,regular,,,,,,,,,
21385,Stage 3,2019-06-20 19:00:00,CDH,VAN,regular,,,,,,,,,
21328,Stage 3,2019-06-20 20:30:00,SHD,VAL,regular,,,,,,,,,
21403,Stage 3,2019-06-21 16:00:00,LDN,NYE,regular,,,,,,,,,
21412,Stage 3,2019-06-21 17:30:00,SFS,FLA,regular,,,,,,,,,
21308,Stage 3,2019-06-21 19:00:00,GLA,SHD,regular,,,,,,,,,
21329,Stage 3,2019-06-21 20:30:00,HZS,SEO,regular,,,,,,,,,
21404,Stage 3,2019-06-22 12:00:00,LDN,WAS,regular,,,,,,,,,
21413,Stage 3,2019-06-22 13:30:00,ATL,PHI,regular,,,,,,,,,
21369,Stage 3,2019-06-22 15:00:00,TOR,GZC,regular,,,,,,,,,
21320,Stage 3,2019-06-22 16:30:00,CDH,DAL,regular,,,,,,,,,
21379,Stage 3,2019-06-23 12:00:00,BOS,PAR,regular,,,,,,,,,
21395,Stage 3,2019-06-23 13:30:00,HOU,FLA,regular,,,,,,,,,
21386,Stage 3,2019-06-23 15:00:00,HZS,DAL,regular,,,,,,,,,
21330,Stage 3,2019-06-23 16:30:00,VAL,VAN,regular,,,,,,,,,
21309,Stage 3,2019-06-27 17:30:00,HZS,VAL,regular,,,,,,,,,
21356,Stage 3,2019-06-27 19:00:00,PAR,SEO,regular,,,,,,,,,
21338,Stage 3,2019-06-27 20:30:00,SFS,CDH,regular,,,,,,,,,
21421,Stage 3,2019-06-28 17:30:00,LDN,VAL,regular,,,,,,,,,
21370,Stage 3,2019-06-28 19:00:00,TOR,GLA,regular,,,,,,,,,
21431,Stage 3,2019-06-28 20:30:00,HOU,WAS,regular,,,,,,,,,
21405,Stage 3,2019-06-29 12:00:00,DAL,NYE,regular,,,,,,,,,
21310,Stage 3,2019-06-29 13:30:00,BOS,PHI,regular,,,,,,,,,
21414,Stage 3,2019-06-29 15:00:00,FLA,HZS,regular,,,,,,,,,
21441,Stage 3,2019-06-29 16:30:00,SHD,GZC,regular,,,,,,,,,
21357,Stage 3,2019-06-30 12:00:00,LDN,SFS,regular,,,,,,,,,
21339,Stage 3,2019-06-30 13:30:00,HOU,TOR,regular,,,,,,,,,
21422,Stage 3,2019-06-30 15:00:00,GLA,VAN,regular,,,,,,,,,
21451,Stage 3,2019-06-30 16:30:00,CDH,SEO,regular,,,,,,,,,
21461,Stage 3,2019-07-06 00:00:00,FLA,NYE,regular,,,,,,,,,
21380,Stage 3,2019-07-06 00:00:00,PHI,WAS,regular,,,,,,,,,
21396,Stage 3,2019-07-06 00:00:00,GZC,SHD,regular,,,,,,,,,
21387,Stage 3,2019-07-06 00:00:00,TOR,ATL,regular,,,,,,,,,
21432,Stage 3,2019-07-07 00:00:00,PHI,SHD,regular,,,,,,,,,
21406,Stage 3,2019-07-07 00:00:00,WAS,GZC,regular,,,,,,,,,
21415,Stage 3,2019-07-07 00:00:00,NYE,TOR,regular,,,,,,,,,
21442,Stage 3,2019-07-07 00:00:00,FLA,ATL,regular,,,,,,,,,
21358,Stage 4,2019-07-25 16:00:00,HOU,PAR,regular,,,,,,,,,
21423,Stage 4,2019-07-25 17:30:00,GLA,NYE,regular,,,,,,,,,
21340,Stage 4,2019-07-25 19:00:00,GZC,PHI,regular,,,,,,,,,
21424,Stage 4,2019-07-25 20:30:00,SHD,VAN,regular,,,,,,,,,
21452,Stage 4,2019-07-26 16:00:00,TOR,WAS,regular,,,,,,,,,
21471,Stage 4,2019-07-26 17:30:00,PHI,CDH,regular,,,,,,,,,
21425,Stage 4,2019-07-26 19:00:00,DAL,LDN,regular,,,,,,,,,
21453,Stage 4,2019-07-26 20:30:00,SEO,SFS,regular,,,,,,,,,
21481,Stage 4,2019-07-27 12:00:00,PAR,VAL,regular,,,,,,,,,
21397,Stage 4,2019-07-27 13:30:00,BOS,GZC,regular,,,,,,,,,
21454,Stage 4,2019-07-27 15:00:00,GLA,HOU,regular,,,,,,,,,
21462,Stage 4,2019-07-27 16:30:00,ATL,HZS,regular,,,,,,,,,
21482,Stage 4,2019-07-28 12:00:00,LDN,TOR,regular,,,,,,,,,
21398,Stage 4,2019-07-28 13:30:00,VAN,FLA,regular,,,,,,,,,
21388,Stage 4,2019-07-28 15:00:00,BOS,CDH,regular,,,,,,,,,
21433,Stage 4,2019-07-28 16:30:00,SHD,SEO,regular,,,,,,,,,
21472,Stage 4,2019-08-01 16:00:00,GZC,LDN,regular,,,,,,,,,
21359,Stage 4,2019-08-01 17:30:00,FLA,WAS,regular,,,,,,,,,
21399,Stage 4,2019-08-01 19:00:00,SHD,TOR,regular,,,,,,,,,
21389,Stage 4,2019-08-01 20:30:00,VAL,SEO,regular,,,,,,,,,
21416,Stage 4,2019-08-02 16:00:00,NYE,PAR,regular,,,,,,,,,
21443,Stage 4,2019-08-02 17:30:00,HOU,PHI,regular,,,,,,,,,
21400,Stage 4,2019-08-02 19:00:00,CDH,GLA,regular,,,,,,,,,
21390,Stage 4,2019-08-02 20:30:00,GZC,HZS,regular,,,,,,,,,
21434,Stage 4,2019-08-03 12:00:00,ATL,PAR,regular,,,,,,,,,
21407,Stage 4,2019-08-03 13:30:00,FLA,LDN,regular,,,,,,,,,
21455,Stage 4,2019-08-03 15:00:00,DAL,VAL,regular,,,,,,,,,
21491,Stage 4,2019-08-03 16:30:00,GLA,SFS,regular,,,,,,,,,
21501,Stage 4,2019-08-04 12:00:00,PHI,TOR,regular,,,,,,,,,
21435,Stage 4,2019-08-04 13:30:00,ATL,HOU,regular,,,,,,,,,
21408,Stage 4,2019-08-04 15:00:00,VAN,WAS,regular,,,,,,,,,
21417,Stage 4,2019-08-04 16:30:00,CDH,NYE,regular,,,,,,,,,
21444,Stage 4,2019-08-08 16:00:00,LDN,VAN,regular,,,,,,,,,
21360,Stage 4,2019-08-08 17:30:00,PAR,PHI,regular,,,,,,,,,
21473,Stage 4,2019-08-08 19:00:00,TOR,FLA,regular,,,,,,,,,
21436,Stage 4,2019-08-08 20:30:00,GZC,SEO,regular,,,,,,,,,
21409,Stage 4,2019-08-09 16:00:00,BOS,WAS,regular,,,,,,,,,
21418,Stage 4,2019-08-09 17:30:00,DAL,GLA,regular,,,,,,,,,
21445,Stage 4,2019-08-09 19:00:00,SFS,SHD,regular,,,,,,,,,
21511,Stage 4,2019-08-09 20:30:00,HZS,NYE,regular,,,,,,,,,
21474,Stage 4,2019-08-10 12:00:00,HOU,LDN,regular,,,,,,,,,
21426,Stage 4,2019-08-10 13:30:00,SEO,TOR,regular,,,,,,,,,
21456,Stage 4,2019-08-10 15:00:00,FLA,VAL,regular,,,,,,,,,
21463,Stage 4,2019-08-10 16:30:00,CDH,HZS,regular,,,,,,,,,
21483,Stage 4,2019-08-11 12:00:00,WAS,HOU,regular,,,,,,,,,
21492,Stage 4,2019-08-11 13:30:00,PHI,VAN,regular,,,,,,,,,
21502,Stage 4,2019-08-11 15:00:00,SFS,DAL,regular,,,,,,,,,
21437,Stage 4,2019-08-11 16:30:00,GZC,NYE,regular,,,,,,,,,
21410,Stage 4,2019-08-15 17:30:00,BOS,FLA,regular,,,,,,,,,
21457,Stage 4,2019-08-15 19:00:00,DAL,HZS,regular,,,,,,,,,
21427,Stage 4,2019-08-15 20:30:00,SEO,SHD,regular,,,,,,,,,
21458,Stage 4,2019-08-16 17:30:00,WAS,ATL,regular,,,,,,,,,
21464,Stage 4,2019-08-16 19:00:00,CDH,SFS,regular,,,,,,,,,
21484,Stage 4,2019-08-16 20:30:00,GLA,HZS,regular,,,,,,,,,
21493,Stage 4,2019-08-17 12:00:00,PAR,SHD,regular,,,,,,,,,
21503,Stage 4,2019-08-17 13:30:00,VAL,BOS,regular,,,,,,,,,
21428,Stage 4,2019-08-17 15:00:00,SEO,PHI,regular,,,,,,,,,
21459,Stage 4,2019-08-17 16:30:00,CDH,HOU,regular,,,,,,,,,
21465,Stage 4,2019-08-18 12:00:00,PAR,WAS,regular,,,,,,,,,
21504,Stage 4,2019-08-18 13:30:00,LDN,ATL,regular,,,,,,,,,
21460,Stage 4,2019-08-18 15:00:00,FLA,TOR,regular,,,,,,,,,
21512,Stage 4,2019-08-18 16:30:00,DAL,GZC,regular,,,,,,,,,
21485,Stage 4,2019-08-24 00:00:00,ATL,DAL,regular,,,,,,,,,
21494,Stage 4,2019-08-24 00:00:00,BOS,NYE,regular,,,,,,,,,
21521,Stage 4,2019-08-24 00:00:00,SFS,VAN,regular,,,,,,,,,
21419,Stage 4,2019-08-24 00:00:00,GLA,VAL,regular,,,,,,,,,
21446,Stage 4,2019-08-25 00:00:00,ATL,BOS,regular,,,,,,,,,
21513,Stage 4,2019-08-25 00:00:00,NYE,VAN,regular,,,,,,,,,
21514,Stage 4,2019-08-25 00:00:00,HZS,SHD,regular,,,,,,,,,
21515,Stage 4,2019-08-25 00:00:00,SFS,VAL,regular,,,,,,,,,
